# category, feature_name, length-scale
dep. tree	ProductionRule_S->NP,VP,.,	0.9838275496211163	
dep. tree	ProductionRule_S->NP,VP,	0.9933962283716073	
dep. tree	ProductionRule_SBAR->IN,S,	0.9942254005697737	
dep. tree	ProductionRule_NP->DT,NNS,	0.9961645094047163	
dep. tree	ProductionRule_NP->JJ,NN,	0.9968095686185193	
dep. tree	ProductionRule_VP->VBZ,SBAR,	0.9978289014775452	
dep. tree	ProductionRule_VP->VBZ,NP,	0.9979801929060297	
dep. tree	ProductionRule_NP->PRP$,NN,	0.998176843630258	
dep. tree	ProductionRule_VP->MD,VP,	0.9981959138116693	
dep. tree	ProductionRule_PP->TO,NP,	0.9983803903548608	
dep. tree	ProductionRule_VP->VBP,S,	0.9985530619464719	
dep. tree	ProductionRule_VP->VBG,NP,	0.9985878517264856	
dep. tree	ProductionRule_SBAR->WHADVP,S,	0.9986733516623268	
dep. tree	ProductionRule_VP->VBP,ADJP,	0.9990081989793663	
dep. tree	ProductionRule_ADJP->JJ,PP,	0.9990565122014058	
dep. tree	ProductionRule_VP->VBZ,VP,	0.9992646102106133	
dep. tree	ProductionRule_NP->DT,ADJP,NN,	0.9992938763481022	
dep. tree	ProductionRule_VP->VBP,VP,	0.9992956491022942	
dep. tree	ProductionRule_VP->VP,CC,VP,	0.999376979564725	
dep. tree	ProductionRule_NP->NN,NNS,	0.9994241278982688	
dep. tree	ProductionRule_ADJP->JJ,S,	0.9994334522033117	
dep. tree	ProductionRule_VP->VB,PP,	0.9994712027344357	
dep. tree	ProductionRule_ADJP->JJ,SBAR,	0.9994838811423373	
dep. tree	ProductionRule_ADJP->RB,JJ,	0.9994929618635037	
dep. tree	ProductionRule_VP->VB,SBAR,	0.9995044665288529	
dep. tree	ProductionRule_S->NP,ADVP,VP,	0.9995324301770335	
dep. tree	ProductionRule_VP->VBZ,PP,	0.9995531542418198	
dep. tree	ProductionRule_VP->VB,NP,SBAR,	0.9995694813943063	
dep. tree	ProductionRule_S->PP,NP,VP,.,	0.9995839899900318	
dep. tree	ProductionRule_PP->IN,S,	0.9996000911993211	
dep. tree	ProductionRule_NP->NNP,CC,NNP,	0.9996447896328218	
dep. tree	ProductionRule_VP->VBD,NP,	0.9996499925294511	
dep. tree	ProductionRule_VP->VBZ,ADJP,PP,	0.9996519230213735	
dep. tree	ProductionRule_NP->NP,PP,SBAR,	0.9996643394751541	
dep. tree	ProductionRule_VP->VBD,NP,S,	0.9996949291394542	
dep. tree	ProductionRule_VP->VBZ,RB,VP,	0.9997090256167609	
dep. tree	ProductionRule_NP->PRP$,NNS,	0.9997121912515858	
dep. tree	ProductionRule_S->NP,VP,:,	0.9997159825343114	
dep. tree	ProductionRule_VP->VBP,RB,VP,	0.9997194324767773	
dep. tree	ProductionRule_VP->VBZ,ADJP,	0.9997221747570706	
dep. tree	ProductionRule_UCP->NP,CC,S,	0.9997606093525512	
dep. tree	ProductionRule_VP->VBP,NP,	0.9997666280601828	
dep. tree	ProductionRule_S->FRAG,:,S,.,	0.9997718965871102	
dep. tree	ProductionRule_FRAG->ADJP,,,NP,	0.9997718965871102	
dep. tree	ProductionRule_ADVP->JJR,IN,	0.9997718965871102	
dep. tree	ProductionRule_NP->CD,JJR,NN,	0.9997718965871102	
dep. tree	ProductionRule_VP->VBP,NP,UCP,	0.9997718965871102	
dep. tree	ProductionRule_VP->VB,RB,VP,	0.9997718965871102	
dep. tree	ProductionRule_VP->VBZ,RB,NP,	0.9997736469776117	
dep. tree	ProductionRule_VP->MD,RB,	0.9997800540305515	
dep. tree	ProductionRule_ADJP->ADVP,JJ,	0.9998024504145977	
dep. tree	ProductionRule_NP->PRP$,JJ,NN,	0.9998102591001694	
dep. tree	ProductionRule_VP->VBZ,PP,SBAR,	0.9998156596288184	
dep. tree	ProductionRule_VP->VB,VP,	0.9998182185552357	
dep. tree	ProductionRule_NP->FW,FW,	0.999821131976437	
dep. tree	ProductionRule_VP->VBG,PP,	0.999823711745751	
dep. tree	ProductionRule_NP->DT,JJ,NNS,	0.9998249229703631	
dep. tree	ProductionRule_VP->VB,NP,PP,	0.9998271878274104	
dep. tree	ProductionRule_NP->NN,NNP,NNP,	0.9998346061751636	
dep. tree	ProductionRule_NP->NP,PP,PP,	0.9998421786985303	
dep. tree	ProductionRule_NP->ADJP,NNS,	0.9998473043970257	
dep. tree	ProductionRule_S->NP,NP,	0.9998489239509223	
dep. tree	ProductionRule_S->S,VP,	0.9998553638962048	
dep. tree	ProductionRule_ADVP->RB,RB,	0.9998559809700928	
dep. tree	ProductionRule_VP->VBN,ADVP,	0.9998562264568812	
dep. tree	ProductionRule_NP->JJR,NN,	0.9998587196619351	
dep. tree	ProductionRule_SBAR->IN,IN,S,	0.999861542365441	
dep. tree	ProductionRule_VP->VBD,VP,	0.9998627239884005	
dep. tree	ProductionRule_SINV->MD,NP,VP,	0.9998656804000763	
dep. tree	ProductionRule_VP->VB,PP,SBAR,	0.9998657152038762	
dep. tree	ProductionRule_NP->DT,JJ,JJ,NN,	0.9998659660275601	
dep. tree	ProductionRule_PP->IN,SBAR,	0.9998705427369722	
dep. tree	ProductionRule_S->NP,ADVP,VP,.,	0.9998769913388886	
dep. tree	ProductionRule_NP->NP,S,	0.999878427983303	
dep. tree	ProductionRule_VP->VBN,PP,	0.9998785271656027	
dep. tree	ProductionRule_NP->NP,CC,NP,	0.9998804464889722	
dep. tree	ProductionRule_PP->IN,IN,NP,	0.9998816871799778	
dep. tree	ProductionRule_NP->DT,NN,NN,	0.9998823397759599	
dep. tree	ProductionRule_NP->JJ,NNS,	0.999884016095089	
dep. tree	ProductionRule_S->S,VP,.,	0.999884225388808	
dep. tree	ProductionRule_NP->NN,POS,	0.9998879785732633	
dep. tree	ProductionRule_NP->DT,JJS,NN,	0.9998902200246698	
dep. tree	ProductionRule_ADJP->ADJP,SBAR,	0.9998966306977575	
dep. tree	ProductionRule_VP->VBZ,ADJP,NP,	0.999897303582422	
dep. tree	ProductionRule_NP->JJR,NNS,	0.9999004889749163	
dep. tree	ProductionRule_VP->VBN,NP,	0.9999008903658314	
dep. tree	ProductionRule_VP->VB,ADVP,	0.999903518868425	
dep. tree	ProductionRule_NP->NP,ADVP,	0.9999052004763936	
dep. tree	ProductionRule_PP->IN,PP,	0.9999078919454226	
dep. tree	ProductionRule_S->PP,,,NP,VP,.,	0.9999107741040949	
dep. tree	ProductionRule_NP->NNP,NNP,	0.999913252561764	
dep. tree	ProductionRule_S->S,CC,S,	0.9999132705158391	
dep. tree	ProductionRule_NP->WDT,NN,	0.9999134068892738	
dep. tree	ProductionRule_SINV->VBZ,NP,	0.9999134068892738	
dep. tree	ProductionRule_NP->QP,NN,	0.9999140010785497	
dep. tree	ProductionRule_ADVP->ADVP,PP,	0.9999150173708514	
dep. tree	ProductionRule_S->S,,,CC,S,	0.9999164507902104	
dep. tree	ProductionRule_S->ADVP,,,NP,VP,.,	0.9999189595077221	
dep. tree	ProductionRule_VP->VBG,S,	0.9999192874566087	
dep. tree	ProductionRule_S->ADVP,NP,VP,.,	0.9999205441434268	
dep. tree	ProductionRule_NP->CD,NNS,	0.999923052283843	
dep. tree	ProductionRule_VP->VB,NP,ADVP,S,	0.9999246467781592	
dep. tree	ProductionRule_S->S,,,NP,VP,.,	0.999924823005093	
dep. tree	ProductionRule_VP->VBP,PRT,SBAR,	0.9999255242420019	
dep. tree	ProductionRule_S->S,S,S,S,	0.9999255242420019	
dep. tree	ProductionRule_VP->VBN,S,	0.9999258421738993	
dep. tree	ProductionRule_SBAR->SBAR,CC,SBAR,	0.9999265410820812	
dep. tree	ProductionRule_S->NP,ADVP,	0.999927355432973	
dep. tree	ProductionRule_NP->NP,ADJP,	0.9999305281162105	
dep. tree	ProductionRule_VP->VBD,RB,VP,	0.9999337454825029	
dep. tree	ProductionRule_NP->JJ,JJ,NN,	0.9999340347750437	
dep. tree	ProductionRule_NP->DT,JJS,JJ,NN,	0.9999341427627283	
dep. tree	ProductionRule_VP->VBZ,ADJP,SBAR,	0.9999345242348663	
dep. tree	ProductionRule_NP->DT,NNS,POS,	0.9999356036741591	
dep. tree	ProductionRule_SBAR->SBAR,,,CC,SBAR,	0.9999357676738087	
dep. tree	ProductionRule_NP->CD,NN,	0.9999367263315251	
dep. tree	ProductionRule_PP->ADVP,IN,NP,	0.999936843222907	
dep. tree	ProductionRule_S->INTJ,,,NP,VP,.,	0.9999379588658367	
dep. tree	ProductionRule_S->PP,,,NP,VP,	0.9999380408150618	
dep. tree	ProductionRule_SBAR->SBAR,,,SBAR,	0.9999384285915134	
dep. tree	ProductionRule_SBARQ->WHADVP,SQ,.,	0.9999389884915655	
dep. tree	ProductionRule_NP->NP,CC,RB,	0.9999391384598627	
dep. tree	ProductionRule_NP->NP,SBAR,	0.9999396354069202	
dep. tree	ProductionRule_VP->VB,NP,PP,SBAR,	0.9999398840011849	
dep. tree	ProductionRule_VP->VBP,ADVP,VP,	0.9999401977357014	
dep. tree	ProductionRule_PRN->,,S,,,	0.9999405282718943	
dep. tree	ProductionRule_VP->MD,RB,VP,	0.9999410867330901	
dep. tree	ProductionRule_NP->DT,JJ,	0.9999417766384192	
dep. tree	ProductionRule_NP->VBG,NNS,	0.9999419007691265	
dep. tree	ProductionRule_NP->DT,NN,NNS,	0.9999423630859888	
dep. tree	ProductionRule_ADVP->NP,JJR,	0.9999424047071731	
dep. tree	ProductionRule_VP->VB,NP,,,PP,	0.9999425858053631	
dep. tree	ProductionRule_ADJP->ADJP,CC,ADJP,	0.9999426378113058	
dep. tree	ProductionRule_NP->DT,NN,S,	0.9999426893588379	
dep. tree	ProductionRule_PP->JJ,IN,NP,	0.9999431249109647	
dep. tree	ProductionRule_ADJP->JJS,NN,	0.9999438298872589	
dep. tree	ProductionRule_NP->ADJP,NN,NN,	0.9999438298872589	
dep. tree	ProductionRule_NP->NP,PP,PP,.,	0.9999438298872589	
dep. tree	ProductionRule_SBAR->ADVP,IN,S,	0.9999439336875967	
dep. tree	ProductionRule_ADJP->ADJP,PP,	0.9999452605682191	
dep. tree	ProductionRule_VP->VBN,NP,SBAR,	0.999946078935034	
dep. tree	ProductionRule_VP->VBP,S,SBAR,	0.9999463610747209	
dep. tree	ProductionRule_VP->VB,NP,NP,	0.9999465071091304	
dep. tree	ProductionRule_SBAR->WHPP,S,	0.9999469014231012	
dep. tree	ProductionRule_WHPP->IN,WHNP,	0.9999469014231012	
dep. tree	ProductionRule_VP->VBN,VP,	0.9999480255919205	
dep. tree	ProductionRule_S->NP,ADJP,SBAR,	0.9999485780185036	
dep. tree	ProductionRule_NP->DT,JJR,NN,	0.999948605046937	
dep. tree	ProductionRule_NP->JJ,NN,NN,	0.9999493374141198	
dep. tree	ProductionRule_NP->NP,,,ADVP,NP,	0.9999499009785272	
dep. tree	ProductionRule_NP->PRP$,JJR,	0.9999501586824837	
dep. tree	ProductionRule_SBAR->ADVP,WHADVP,S,	0.9999508861222755	
dep. tree	ProductionRule_INTJ->UH,.,	0.9999517518321024	
dep. tree	ProductionRule_S->SBAR,,,NP,VP,	0.9999520578967364	
dep. tree	ProductionRule_VP->VP,,,NP,	0.9999524572040872	
dep. tree	ProductionRule_ADVP->RB,PP,	0.9999526580478755	
dep. tree	ProductionRule_VP->VP,,,CC,VP,	0.9999530744640222	
dep. tree	ProductionRule_VP->VB,NP,S,	0.9999534452847721	
dep. tree	ProductionRule_VP->VBD,PP,S,	0.9999535920577276	
dep. tree	ProductionRule_VP->JJ,NP,	0.9999536343346759	
dep. tree	ProductionRule_SBARQ->WHNP,SQ,.,	0.9999538544526729	
dep. tree	ProductionRule_VP->VBD,NP,NP,	0.9999542144384578	
dep. tree	ProductionRule_S->SBAR,NP,VP,.,	0.9999542384302548	
dep. tree	ProductionRule_VP->VB,S,	0.9999551826818426	
dep. tree	ProductionRule_WHADVP->RB,WRB,	0.9999555070619869	
dep. tree	ProductionRule_VP->VBZ,ADVP,VP,	0.9999555079179018	
dep. tree	ProductionRule_VP->VB,NP,ADVP,	0.9999557221805311	
dep. tree	ProductionRule_NP->DT,NNP,NNP,NNP,	0.9999563670413885	
dep. tree	ProductionRule_PP->IN,FRAG,	0.9999567432704732	
dep. tree	ProductionRule_UCP->NP,CC,ADJP,	0.9999570295265396	
dep. tree	ProductionRule_NP->NP,SBAR,PP,	0.9999570295265396	
dep. tree	ProductionRule_NP->RB,JJ,NN,	0.9999570295265396	
dep. tree	ProductionRule_SQ->MD,NP,VP,	0.999957068879359	
dep. tree	ProductionRule_VP->ADVP,VBN,	0.9999574211840963	
dep. tree	ProductionRule_NP->NN,JJ,NN,	0.9999577138431429	
dep. tree	ProductionRule_NP->DT,NNPS,	0.9999578080239943	
dep. tree	ProductionRule_VP->VBZ,RB,	0.9999579580177034	
dep. tree	ProductionRule_VP->VBP,NP,PP,	0.9999579944114975	
dep. tree	ProductionRule_VP->VBN,,,CC,VBN,	0.9999581161266288	
dep. tree	ProductionRule_CONJP->RB,IN,	0.999958322713915	
dep. tree	ProductionRule_NP->DT,JJ,NN,CC,NN,	0.9999584126956269	
dep. tree	ProductionRule_VP->VB,ADVP,S,	0.9999587509138138	
dep. tree	ProductionRule_VP->VBD,ADVP,PP,	0.9999588685691012	
dep. tree	ProductionRule_NP->NP,SBAR,SBAR,	0.9999592188754527	
dep. tree	ProductionRule_VP->VBZ,NP,ADVP,	0.999959234536179	
dep. tree	ProductionRule_ADJP->RB,JJ,PP,	0.999959400446189	
dep. tree	ProductionRule_VP->VBP,RB,ADJP,	0.9999594548066437	
dep. tree	ProductionRule_S->S,:,S,.,	0.9999603960338249	
dep. tree	ProductionRule_ADJP->ADJP,ADVP,	0.9999605875707108	
dep. tree	ProductionRule_VP->VBG,NP,PP,	0.9999606047462449	
dep. tree	ProductionRule_PP->IN,UCP,	0.9999607418264368	
dep. tree	ProductionRule_VP->VB,PRT,	0.9999608855702256	
dep. tree	ProductionRule_FRAG->NP,.,	0.9999609614397665	
dep. tree	ProductionRule_NP->NP,,,VP,	0.9999609627802666	
dep. tree	ProductionRule_NP->NP,,,NP,,,NP,,,NP,,,CC,ADVP,NP,	0.999961056099053	
dep. tree	ProductionRule_ADJP->RB,JJR,	0.9999611512544905	
dep. tree	ProductionRule_VP->VBP,ADVP,PP,	0.9999611775234469	
dep. tree	ProductionRule_VP->VB,PP,PP,	0.999961275258013	
dep. tree	ProductionRule_S->ADVP,NP,VP,	0.9999613616824234	
dep. tree	ProductionRule_S->CC,NP,VP,	0.999961590081628	
dep. tree	ProductionRule_ADJP->ADVP,JJ,CC,JJ,	0.9999616545661741	
dep. tree	ProductionRule_VP->VBP,ADJP,PP,	0.9999620483273621	
dep. tree	ProductionRule_VP->VBZ,RB,ADJP,	0.999962048512059	
dep. tree	ProductionRule_ADVP->RB,TO,RB,	0.9999620689718222	
dep. tree	ProductionRule_VP->VBN,UCP,	0.9999620689718222	
dep. tree	ProductionRule_VP->PP,ADVP,	0.9999620689718222	
dep. tree	ProductionRule_S->NP,,,``,VP,	0.9999620929853371	
dep. tree	ProductionRule_VP->RB,VP,	0.9999628952608135	
dep. tree	ProductionRule_NP->NP,,,CC,NP,,,	0.9999630815084838	
dep. tree	ProductionRule_NP->NP,CD,NNS,	0.9999630815084838	
dep. tree	ProductionRule_S->S,:,SQ,.,	0.9999631328668975	
dep. tree	ProductionRule_ADJP->RB,VBN,	0.9999631328668975	
dep. tree	ProductionRule_NP->JJ,NN,NN,NN,	0.9999637281357839	
dep. tree	ProductionRule_S->IN,NP,VP,.,	0.9999642634500719	
dep. tree	ProductionRule_VP->ADVP,VBN,PRT,PP,	0.9999642634500719	
dep. tree	ProductionRule_NP->NNS,SBAR,	0.9999642634500719	
dep. tree	ProductionRule_S->``,PP,,,NP,VP,.,	0.999964359608873	
dep. tree	ProductionRule_ADJP->RBR,JJ,	0.9999643877674003	
dep. tree	ProductionRule_SBARQ->WHNP,SQ,	0.9999646028461077	
dep. tree	ProductionRule_VP->VBN,PP,ADVP,	0.9999647426236264	
dep. tree	ProductionRule_NP->DT,JJ,CD,NNS,	0.9999650782735501	
dep. tree	ProductionRule_SQ->VBZ,NP,ADVP,.,'',	0.9999652771095694	
dep. tree	ProductionRule_VP->VBD,NP,SBAR,	0.9999657823397811	
dep. tree	ProductionRule_NP->PDT,DT,NNS,	0.9999660430674004	
dep. tree	ProductionRule_VP->VB,PP,NP,	0.9999660920807341	
dep. tree	ProductionRule_VP->VBN,PP,SBAR,	0.9999662176507896	
dep. tree	ProductionRule_NP->JJ,NNP,	0.9999663928124761	
dep. tree	ProductionRule_VP->VP,CC,VP,SBAR,	0.9999666996518919	
dep. tree	ProductionRule_ADJP->RBS,JJ,	0.9999667011547893	
dep. tree	ProductionRule_NP->PRP$,JJ,	0.9999667200136922	
dep. tree	ProductionRule_NP->DT,NN,JJ,	0.9999669881757546	
dep. tree	ProductionRule_ADJP->RB,RB,JJ,	0.9999672663420714	
dep. tree	ProductionRule_NP->DT,NN,SBAR,	0.999967346433219	
dep. tree	ProductionRule_VP->VBZ,S,SBAR,	0.9999674911758181	
dep. tree	ProductionRule_NP->JJ,CC,JJ,NNS,	0.9999678714715575	
dep. tree	ProductionRule_VP->JJ,NP,NP,	0.9999679288306403	
dep. tree	ProductionRule_NP->DT,NN,CC,NNS,	0.9999679288306403	
dep. tree	ProductionRule_NP->NNP,NNP,NNP,NNP,NNP,NNP,	0.9999680876060132	
dep. tree	ProductionRule_ADVP->DT,RBR,	0.9999681288485547	
dep. tree	ProductionRule_NP->JJ,JJ,NNS,	0.9999683484696115	
dep. tree	ProductionRule_S->S,CC,S,.,	0.9999684208421975	
dep. tree	ProductionRule_VP->VBN,NP,ADVP,,,S,	0.999968720376646	
dep. tree	ProductionRule_S->SBAR,,,S,,,CC,S,.,	0.999968720376646	
dep. tree	ProductionRule_UCP->NP,CC,PP,	0.9999689289137319	
dep. tree	ProductionRule_ADJP->FW,FW,	0.9999689788610006	
dep. tree	ProductionRule_VP->VBN,NP,PP,	0.9999690460701117	
dep. tree	ProductionRule_S->SBAR,,,NP,ADVP,VP,.,	0.9999691588791727	
dep. tree	ProductionRule_NP->DT,JJ,NNP,	0.9999692264523109	
dep. tree	ProductionRule_VP->VB,CC,VB,NP,	0.9999692641196373	
dep. tree	ProductionRule_VP->VBP,ADVP,	0.9999694250217015	
dep. tree	ProductionRule_PP->VBG,PP,	0.9999696466974054	
dep. tree	ProductionRule_VP->VBG,PP,SBAR,	0.9999696911181576	
dep. tree	ProductionRule_NP->NNP,NNP,NNP,NNP,NNP,	0.9999698740384338	
dep. tree	ProductionRule_NP->DT,JJ,JJ,NNS,	0.9999699228122823	
dep. tree	ProductionRule_NP->RB,CD,NN,	0.9999700150976252	
dep. tree	ProductionRule_VP->VBD,ADJP,SBAR,	0.9999701067433014	
dep. tree	ProductionRule_S->``,NP,VP,.,'',	0.9999704846332471	
dep. tree	ProductionRule_S->SBAR,S,CC,S,	0.999970655368616	
dep. tree	ProductionRule_S->PP,VP,	0.9999708737232873	
dep. tree	ProductionRule_SBAR->RB,IN,S,	0.9999709851050468	
dep. tree	ProductionRule_NP->JJ,NN,NNS,	0.9999709998686828	
dep. tree	ProductionRule_NP->NP,CC,ADVP,NP,	0.9999712687389287	
dep. tree	ProductionRule_S->VP,VP,	0.9999712887943932	
dep. tree	ProductionRule_UCP->PP,CC,RB,SBAR,	0.999971739446487	
dep. tree	ProductionRule_VP->VBP,PP,	0.9999717699675844	
dep. tree	ProductionRule_VP->VB,PP,ADVP,	0.9999718807114621	
dep. tree	ProductionRule_NP->DT,NN,CD,	0.999971984418033	
dep. tree	ProductionRule_NP->NP,PP,VP,	0.9999720369834388	
dep. tree	ProductionRule_NP->NP,ADJP,.,	0.9999724534007914	
dep. tree	ProductionRule_NP->DT,CD,NN,	0.9999725547261675	
dep. tree	ProductionRule_NP->NNP,NNP,NNP,NNP,	0.9999726621780547	
dep. tree	ProductionRule_VP->VBZ,ADVP,PP,	0.9999727278886209	
dep. tree	ProductionRule_VP->VBP,NP,PRT,	0.9999727278886209	
dep. tree	ProductionRule_S->NP,DT,VP,	0.9999727278886209	
dep. tree	ProductionRule_NP->RB,DT,NN,	0.999972747271559	
dep. tree	ProductionRule_ADVP->ADVP,S,	0.9999727932855024	
dep. tree	ProductionRule_VP->VBG,NP,SBAR,	0.9999728017851822	
dep. tree	ProductionRule_SBAR->ADVP,WHNP,S,.,	0.9999728021140584	
dep. tree	ProductionRule_VP->ADVP,MD,RB,VP,	0.9999728772666678	
dep. tree	ProductionRule_VP->VBD,PP,	0.9999732771148672	
dep. tree	ProductionRule_QP->RB,CD,	0.9999734223623389	
dep. tree	ProductionRule_FRAG->SBAR,.,	0.9999734897800967	
dep. tree	ProductionRule_VP->VBD,PP,:,S,	0.9999735389419174	
dep. tree	ProductionRule_NP->NP,,,NP,,,	0.999973744569862	
dep. tree	ProductionRule_VP->VBG,NP,NP,	0.999973744569862	
dep. tree	ProductionRule_S->ADVP,,,PP,,,NP,VP,.,	0.9999737824809223	
dep. tree	ProductionRule_NP->NNS,CC,NNS,	0.9999738621432972	
dep. tree	ProductionRule_NP->DT,NN,.,	0.9999743112346333	
dep. tree	ProductionRule_VP->VBG,ADJP,ADVP,	0.9999743382179672	
dep. tree	ProductionRule_VP->VBN,PP,PP,	0.9999744020085447	
dep. tree	ProductionRule_VP->VBZ,NP,:,FRAG,	0.9999745175928102	
dep. tree	ProductionRule_NP->NN,CD,NN,	0.9999745175928102	
dep. tree	ProductionRule_S->S,,,S,.,	0.9999749190348524	
dep. tree	ProductionRule_NP->DT,CD,NNS,	0.9999750576862813	
dep. tree	ProductionRule_ADJP->JJR,PP,	0.9999750968342599	
dep. tree	ProductionRule_NP->DT,S,	0.9999751789994992	
dep. tree	ProductionRule_S->ADVP,,,SBAR,NP,VP,.,	0.9999754128262393	
dep. tree	ProductionRule_VP->VBD,NP,ADVP,	0.9999755320586664	
dep. tree	ProductionRule_S->S,CC,S,CC,S,	0.9999759734459037	
dep. tree	ProductionRule_NP->NNP,POS,	0.9999760711195012	
dep. tree	ProductionRule_VP->VB,S,SBAR,	0.999976195756734	
dep. tree	ProductionRule_NP->ADJP,DT,	0.9999762070495999	
dep. tree	ProductionRule_VP->VBD,ADJP,ADVP,NP,	0.9999766358414139	
dep. tree	ProductionRule_NP->DT,JJ,NN,NNS,	0.9999766427465295	
dep. tree	ProductionRule_PP->RB,IN,S,	0.9999767598788385	
dep. tree	ProductionRule_VP->VB,NP,PP,PP,	0.9999771620411415	
dep. tree	ProductionRule_ADVP->IN,JJS,	0.9999772711712811	
dep. tree	ProductionRule_NP->JJ,NN,NN,NNS,	0.9999774452793507	
dep. tree	ProductionRule_NP->DT,CD,NN,NN,	0.9999775927831586	
dep. tree	ProductionRule_FRAG->NP,,,SBAR,.,	0.999977641205269	
dep. tree	ProductionRule_PRN->-LRB-,SBAR,-RRB-,	0.9999777487380913	
dep. tree	ProductionRule_VP->VP,VP,	0.9999778426160119	
dep. tree	ProductionRule_NP->NP,UCP,	0.9999778429420938	
dep. tree	ProductionRule_NP->NNP,NN,	0.9999778575224126	
dep. tree	ProductionRule_VP->MD,RB,ADVP,VP,	0.9999778622634302	
dep. tree	ProductionRule_VP->VBG,ADJP,	0.9999781697212741	
dep. tree	ProductionRule_VP->VB,NP,PRT,PP,	0.9999784692979484	
dep. tree	ProductionRule_ADJP->VBN,PP,	0.9999786048580472	
dep. tree	ProductionRule_NP->DT,NN,NN,NN,	0.9999788826921185	
dep. tree	ProductionRule_VP->ADVP,VBD,PP,	0.9999790670719161	
dep. tree	ProductionRule_S->NP,ADJP,.,	0.9999793188113538	
dep. tree	ProductionRule_S->INTJ,NP,VP,	0.999979535019227	
dep. tree	ProductionRule_RRC->ADVP,NP,	0.9999796803250347	
dep. tree	ProductionRule_ADJP->RB,JJ,SBAR,	0.9999796890884625	
dep. tree	ProductionRule_S->PRN,VP,	0.9999797814979812	
dep. tree	ProductionRule_VP->VBP,S,PRN,	0.9999797814979812	
dep. tree	ProductionRule_VP->VBP,:,SBAR,	0.9999797814979812	
dep. tree	ProductionRule_PP->RB,ADJP,	0.9999797814979812	
dep. tree	ProductionRule_S->S,,,CC,S,,,CC,S,	0.9999797814979812	
dep. tree	ProductionRule_VP->LS,ADVP,PP,	0.9999797814979812	
dep. tree	ProductionRule_NP->NP,PRN,SBAR,	0.9999797836602096	
dep. tree	ProductionRule_S->NP,ADVP,NP,VP,	0.9999797951900614	
dep. tree	ProductionRule_NP->RB,DT,JJ,NN,	0.9999800599835066	
dep. tree	ProductionRule_NP->NP,,,NP,,,NP,,,NP,,,NP,,,NP,.,	0.9999800903531288	
dep. tree	ProductionRule_VP->VB,S,PP,	0.9999801154933419	
dep. tree	ProductionRule_VP->VB,NP,,,SBAR,	0.9999802731965722	
dep. tree	ProductionRule_ADJP->RB,RBR,JJ,	0.9999802842187805	
dep. tree	ProductionRule_FRAG->ADVP,SBAR,.,	0.9999802842187805	
dep. tree	ProductionRule_VP->MD,CC,MD,RB,VP,	0.9999804928090725	
dep. tree	ProductionRule_NP->NN,,,NP,NN,	0.9999805195144486	
dep. tree	ProductionRule_VP->VBP,ADJP,SBAR,	0.9999806938211993	
dep. tree	ProductionRule_VP->VBD,ADVP,S,	0.9999809608935825	
dep. tree	ProductionRule_NP->JJ,VBG,	0.9999809898701332	
dep. tree	ProductionRule_NP->DT,VBN,NNS,	0.9999811276212014	
dep. tree	ProductionRule_VP->ADVP,NP,SBAR,	0.9999811276212014	
dep. tree	ProductionRule_VP->VB,ADJP,,,SBAR,	0.9999811276212014	
dep. tree	ProductionRule_NP->FW,FW,FW,FW,FW,	0.9999811907372592	
dep. tree	ProductionRule_NP->NP,ADJP,POS,	0.9999812679198922	
dep. tree	ProductionRule_QP->JJR,IN,CD,	0.9999815591779068	
dep. tree	ProductionRule_WHNP->WHNP,PP,	0.9999817000174449	
dep. tree	ProductionRule_NP->DT,NN,JJ,NNS,	0.9999817645412861	
dep. tree	ProductionRule_S->ADVP,,,S,,,CC,S,.,	0.9999817878338106	
dep. tree	ProductionRule_NP->DT,VBG,NN,	0.9999818618582523	
dep. tree	ProductionRule_VP->VBZ,ADVP,RB,VP,	0.999981888578202	
dep. tree	ProductionRule_NP->NP,:,SBARQ,	0.999981888578202	
dep. tree	ProductionRule_UCP->ADJP,CC,PP,	0.9999818908315187	
dep. tree	ProductionRule_S->NP,NP,VP,	0.9999821350875048	
dep. tree	ProductionRule_VP->VBP,RB,NP,	0.999982205401832	
dep. tree	ProductionRule_PP->IN,``,NP,	0.99998231914875	
dep. tree	ProductionRule_NP->FW,FW,FW,	0.999982371280663	
dep. tree	ProductionRule_UCP->VP,CC,ADJP,	0.9999825627715723	
dep. tree	ProductionRule_VP->VBP,ADJP,,,SBAR,	0.9999826014823138	
dep. tree	ProductionRule_NP->CC,NN,	0.9999826153382482	
dep. tree	ProductionRule_SBAR->WHADVP,FRAG,	0.9999827220392643	
dep. tree	ProductionRule_VP->VBZ,UCP,	0.999982988043703	
dep. tree	ProductionRule_NP->JJ,NN,SBAR,	0.9999830644024864	
dep. tree	ProductionRule_VP->VB,ADJP,PP,SBAR,	0.9999832528883073	
dep. tree	ProductionRule_NP->RB,NN,	0.999983439929057	
dep. tree	ProductionRule_ADJP->NP,RBR,	0.9999835388958156	
dep. tree	ProductionRule_NP->NP,.,	0.9999837303702765	
dep. tree	ProductionRule_NP->NP,ADJP,,,SBAR,	0.9999837701971387	
dep. tree	ProductionRule_VP->VBZ,CC,VBZ,NP,	0.9999837701971387	
dep. tree	ProductionRule_NP->PDT,DT,NN,NN,	0.9999838084359668	
dep. tree	ProductionRule_SQ->VBP,NP,VP,	0.9999845732724277	
dep. tree	ProductionRule_FRAG->NP,SBAR,	0.9999846062205141	
dep. tree	ProductionRule_NP->NP,,,PP,	0.999984686463457	
dep. tree	ProductionRule_NP->DT,CD,	0.9999847391470893	
dep. tree	ProductionRule_NP->PRP,DT,	0.9999847503124552	
dep. tree	ProductionRule_S->NP,NP,SBAR,	0.9999848824692656	
dep. tree	ProductionRule_NP->NNP,NNP,NNP,NNP,NNP,NNP,NNP,	0.9999848824692656	
dep. tree	ProductionRule_ADVP->RB,.,	0.9999849387018717	
dep. tree	ProductionRule_SQ->VBZ,ADVP,	0.9999849387018717	
dep. tree	ProductionRule_PP->IN,``,SBARQ,'',	0.9999850417087021	
dep. tree	ProductionRule_NP->NN,CD,	0.999985060639759	
dep. tree	ProductionRule_CONJP->IN,RB,	0.9999852481092961	
dep. tree	ProductionRule_VP->MD,ADVP,VP,	0.9999853066456086	
dep. tree	ProductionRule_S->SBAR,,,NP,VP,.,	0.9999854581673358	
dep. tree	ProductionRule_S->PRN,NP,ADVP,VP,	0.9999854856247177	
dep. tree	ProductionRule_S->S,,,S,CC,S,.,	0.9999854968938734	
dep. tree	ProductionRule_NP->PRP$,NN,POS,	0.9999855028963262	
dep. tree	ProductionRule_VP->VB,ADJP,PP,	0.9999855068023747	
dep. tree	ProductionRule_S->S,CC,S,,,SBAR,.,	0.9999855575795347	
dep. tree	ProductionRule_NP->DT,ADJP,NNS,	0.9999855870926794	
dep. tree	ProductionRule_FRAG->ADVP,SBAR,	0.9999856248555091	
dep. tree	ProductionRule_ADVP->DT,JJR,	0.9999856248555091	
dep. tree	ProductionRule_VP->VB,NP,,,UCP,	0.9999856322466992	
dep. tree	ProductionRule_NP->NNP,NNS,	0.9999857994291795	
dep. tree	ProductionRule_WHNP->WHNP,ADJP,	0.999985897761329	
dep. tree	ProductionRule_VP->VBZ,,,``,SBAR,	0.999985897761329	
dep. tree	ProductionRule_S->NP,,,NP,VP,.,	0.9999859427133273	
dep. tree	ProductionRule_ADVP->RBR,PP,	0.9999859470157062	
dep. tree	ProductionRule_VP->VBG,,,ADVP,FRAG,	0.9999859818590741	
dep. tree	ProductionRule_VP->TO,ADVP,VP,	0.9999860089159529	
dep. tree	ProductionRule_S->SBAR,,,ADVP,NP,VP,.,	0.9999861948523056	
dep. tree	ProductionRule_VP->VBZ,PRT,S,	0.9999862202435889	
dep. tree	ProductionRule_VP->VBD,NP,ADVP,S,	0.9999862993996925	
dep. tree	ProductionRule_VP->VBZ,ADVP,ADJP,SBAR,	0.9999862993996925	
dep. tree	ProductionRule_VP->VBN,S,ADVP,	0.9999862993996925	
dep. tree	ProductionRule_ADJP->IN,JJ,	0.9999863090323481	
dep. tree	ProductionRule_VP->VBG,ADVP,PP,	0.9999864044618327	
dep. tree	ProductionRule_NP->JJ,NN,CC,NN,	0.9999864117217965	
dep. tree	ProductionRule_VP->VBZ,ADJP,PP,PP,S,	0.9999865076292014	
dep. tree	ProductionRule_NP->PRP$,JJ,JJ,NN,	0.9999865534397961	
dep. tree	ProductionRule_S->PP,:,NP,VP,.,	0.9999868775227717	
dep. tree	ProductionRule_ADVP->FW,FW,	0.9999869132942364	
dep. tree	ProductionRule_SQ->VBZ,NP,	0.999986922123104	
dep. tree	ProductionRule_S->NP,,,VP,.,	0.9999869724793972	
dep. tree	ProductionRule_SQ->VBZ,NP,ADVP,NP,	0.9999871801139304	
dep. tree	ProductionRule_NP->NP,PP,:,SBARQ,	0.9999871801139304	
dep. tree	ProductionRule_NP->NN,RB,	0.9999872066941632	
dep. tree	ProductionRule_VP->VBD,ADJP,PP,	0.9999873952464167	
dep. tree	ProductionRule_SBAR->SBAR,:,SBAR,	0.9999875247220517	
dep. tree	ProductionRule_VP->VBG,PRT,S,	0.9999875247220517	
dep. tree	ProductionRule_S->NP,NP,S,	0.9999875497335193	
dep. tree	ProductionRule_ADVP->DT,PP,	0.9999875497335193	
dep. tree	ProductionRule_NP->JJ,NNS,CC,NNS,	0.9999876050916882	
dep. tree	ProductionRule_PP->IN,SBARQ,	0.9999876509267117	
dep. tree	ProductionRule_ADVP->DT,NN,SBAR,	0.9999876725195432	
dep. tree	ProductionRule_NP->NNP,NNP,.,	0.9999876871446371	
dep. tree	ProductionRule_S->ADVP,,,SBAR,VP,.,	0.999987788070726	
dep. tree	ProductionRule_VP->TO,RB,VP,	0.9999878250009789	
dep. tree	ProductionRule_NP->PRP$,NNP,	0.9999878664822806	
dep. tree	ProductionRule_ADJP->JJ,'',	0.9999878778983774	
dep. tree	ProductionRule_VP->VBD,NP,PP,,,S,	0.9999878778983774	
dep. tree	ProductionRule_NP->NNP,RB,JJ,NN,NN,	0.9999879587429356	
dep. tree	ProductionRule_NP->DT,NP,NN,	0.9999879587429356	
dep. tree	ProductionRule_NP->NNP,CD,,,CD,	0.9999880886826353	
dep. tree	ProductionRule_VP->VBD,PP,,,PP,	0.9999880886826353	
dep. tree	ProductionRule_S->S,,,CC,SBARQ,.,	0.999988155569679	
dep. tree	ProductionRule_SBARQ->WHADVP,S,	0.999988155569679	
dep. tree	ProductionRule_VP->VP,NP,	0.9999882106099814	
dep. tree	ProductionRule_VP->VB,ADJP,,,S,	0.999988258230908	
dep. tree	ProductionRule_NP->NP,,,SBAR,	0.9999883880128739	
dep. tree	ProductionRule_ADJP->JJ,CC,JJ,	0.9999885803277013	
dep. tree	ProductionRule_PP->IN,ADJP,	0.9999886269665192	
dep. tree	ProductionRule_VP->VP,,,SBAR,	0.9999886277451282	
dep. tree	ProductionRule_VP->VB,S,,,SBAR,	0.9999886372129599	
dep. tree	ProductionRule_VP->VBP,ADVP,ADVP,	0.9999886411694141	
dep. tree	ProductionRule_ADJP->JJ,CC,JJ,S,	0.9999887402467955	
dep. tree	ProductionRule_NP->NP,NNP,	0.9999887539845728	
dep. tree	ProductionRule_QP->JJR,IN,DT,NN,	0.9999887783821998	
dep. tree	ProductionRule_VP->VB,UCP,	0.9999887931985584	
dep. tree	ProductionRule_VP->VB,INTJ,PP,	0.9999887931985584	
dep. tree	ProductionRule_NP->DT,DT,	0.9999887931985584	
dep. tree	ProductionRule_VP->VBN,ADJP,	0.9999888490164661	
dep. tree	ProductionRule_VP->VP,CONJP,VP,	0.9999888832006092	
dep. tree	ProductionRule_X->NP,SBAR,	0.9999889905554641	
dep. tree	ProductionRule_VP->VBP,RB,ADVP,VP,	0.9999892230228138	
dep. tree	ProductionRule_S->INTJ,,,NP,VP,	0.9999892452571033	
dep. tree	ProductionRule_VP->VBZ,RB,NP,S,	0.999989280090896	
dep. tree	ProductionRule_SBAR->IN,NN,S,	0.9999893212979148	
dep. tree	ProductionRule_WHADVP->WRB,NP,	0.99998956293785	
dep. tree	ProductionRule_NP->NP,:,NP,	0.999989654821216	
dep. tree	ProductionRule_NP->PDT,DT,NN,	0.9999896998692628	
dep. tree	ProductionRule_NP->CD,JJ,NN,	0.9999897119266866	
dep. tree	ProductionRule_VP->TO,S,	0.9999897976764551	
dep. tree	ProductionRule_NP->NNP,,,NNP,CC,NNP,	0.9999897976764551	
dep. tree	ProductionRule_VP->VP,CC,ADVP,VP,	0.999989811643496	
dep. tree	ProductionRule_NP->NN,.,	0.9999898703791984	
dep. tree	ProductionRule_VP->VBZ,PRT,SBAR,	0.9999898978177821	
dep. tree	ProductionRule_NP->CD,NN,NNS,	0.9999899062170922	
dep. tree	ProductionRule_SQ->VBZ,VP,	0.9999899264390798	
dep. tree	ProductionRule_NP->S,,,RRC,,,	0.9999899619931615	
dep. tree	ProductionRule_RRC->ADVP,PP,	0.9999899619931615	
dep. tree	ProductionRule_VP->VB,NP,PP,,,SBAR,	0.9999899722406019	
dep. tree	ProductionRule_PP->IN,'',NP,	0.9999900476187812	
dep. tree	ProductionRule_FRAG->WHNP,.,	0.9999900483680768	
dep. tree	ProductionRule_VP->VBZ,RB,NP,PP,	0.9999900984562782	
dep. tree	ProductionRule_VP->VBZ,RB,ADJP,SBAR,	0.9999902353911807	
dep. tree	ProductionRule_VP->RB,S,	0.9999903224671851	
dep. tree	ProductionRule_NP->NN,NN,NN,NN,	0.9999904631120039	
dep. tree	ProductionRule_S->NP,ADJP,S,	0.9999904631120039	
dep. tree	ProductionRule_FRAG->NP,NP,	0.9999904631120039	
dep. tree	ProductionRule_SBAR->ADVP,S,	0.9999906887623834	
dep. tree	ProductionRule_S->SBAR,,,NP,,,S,,,ADVP,VP,.,	0.9999906887623834	
dep. tree	ProductionRule_NP->PRP$,NN,NNS,	0.9999907072112958	
dep. tree	ProductionRule_VP->VBG,VP,	0.9999908589762451	
dep. tree	ProductionRule_NP->ADVP,NP,SBAR,	0.9999909334279927	
dep. tree	ProductionRule_PP->NN,NP,	0.9999909646214917	
dep. tree	ProductionRule_VP->VBZ,NP,SBAR,	0.9999909895121374	
dep. tree	ProductionRule_NP->NP,NNS,	0.9999909924560569	
dep. tree	ProductionRule_SBAR->IN,RB,S,	0.9999910050735604	
dep. tree	ProductionRule_NP->``,NNS,'',	0.9999910050735604	
dep. tree	ProductionRule_NP->JJ,NNS,NN,	0.9999910106507417	
dep. tree	ProductionRule_NP->JJS,NNS,	0.9999910585703002	
dep. tree	ProductionRule_VP->VBP,PRT,PP,	0.9999910922462555	
dep. tree	ProductionRule_VP->VBP,S,,,SBAR,	0.9999911342613275	
dep. tree	ProductionRule_SBAR->NP,IN,S,	0.9999911485493409	
dep. tree	ProductionRule_FRAG->ADVP,NP,	0.9999912334929089	
dep. tree	ProductionRule_NP->NNP,NNP,NNP,	0.9999912672739618	
dep. tree	ProductionRule_NP->NP,,,ADJP,,,	0.9999912729893514	
dep. tree	ProductionRule_VP->VBP,RB,PP,SBAR,	0.9999912729893514	
dep. tree	ProductionRule_VP->VBN,ADJP,SBAR,	0.9999913595179404	
dep. tree	ProductionRule_NP->PRP$,ADJP,	0.9999914800909359	
dep. tree	ProductionRule_NP->NP,``,NP,'',	0.9999915010121371	
dep. tree	ProductionRule_NP->RB,NNP,	0.9999915756521506	
dep. tree	ProductionRule_NP->DT,NN,CC,NN,S,	0.9999915756521506	
dep. tree	ProductionRule_VP->NP,ADVP,	0.9999915985961327	
dep. tree	ProductionRule_VP->VBG,PRT,	0.9999917446104795	
dep. tree	ProductionRule_VP->ADVP,VP,CC,VP,	0.9999917905528324	
dep. tree	ProductionRule_VP->VB,NP,NP,PP,	0.9999917905528324	
dep. tree	ProductionRule_ADJP->JJR,S,	0.9999918076639204	
dep. tree	ProductionRule_NP->VBG,JJ,JJ,NN,	0.9999920215102728	
dep. tree	ProductionRule_FRAG->X,NP,	0.9999920215102728	
dep. tree	ProductionRule_FRAG->NP,:,S,	0.9999920215102728	
dep. tree	ProductionRule_FRAG->FRAG,:,FRAG,	0.9999920215102728	
dep. tree	ProductionRule_X->X,PP,	0.9999920215102728	
dep. tree	ProductionRule_NP->NP,,,RB,NP,	0.9999920486240496	
dep. tree	ProductionRule_ADJP->NN,CC,NN,	0.9999920917829428	
dep. tree	ProductionRule_NP->DT,NP,CC,NP,	0.9999921861011465	
dep. tree	ProductionRule_S->NP,``,ADJP,'',	0.999992215327444	
dep. tree	ProductionRule_VP->VBG,PP,S,	0.9999922553373275	
dep. tree	ProductionRule_FRAG->X,:,VP,.,	0.9999922553373275	
dep. tree	ProductionRule_VP->MD,NP,S,	0.9999923389823799	
dep. tree	ProductionRule_S->NP,VP,.,'',	0.9999923546553521	
dep. tree	ProductionRule_VP->VBD,NP,PP,PP,	0.9999923650016064	
dep. tree	ProductionRule_VP->VBD,SBAR,	0.9999923774632432	
dep. tree	ProductionRule_VP->VB,PRT,NP,SBAR,	0.9999923833657267	
dep. tree	ProductionRule_ADVP->RB,S,	0.999992440228344	
dep. tree	ProductionRule_S->NP,,,VP,	0.9999924542730186	
dep. tree	ProductionRule_VP->VBZ,NP,S,	0.9999924757883863	
dep. tree	ProductionRule_VP->VBN,ADVP,PP,	0.9999925807178044	
dep. tree	ProductionRule_VP->VB,NP,NP,SBAR,	0.9999926809711255	
dep. tree	ProductionRule_FRAG->NP,PP,.,	0.9999927062645156	
dep. tree	ProductionRule_X->ADVP,NP,.,	0.9999927268948895	
dep. tree	ProductionRule_VP->VBD,S,,,SBAR,	0.9999927307245426	
dep. tree	ProductionRule_VP->VBZ,RB,ADJP,PP,	0.9999927570696879	
dep. tree	ProductionRule_NP->NNS,NNS,	0.9999927758437533	
dep. tree	ProductionRule_UCP->PP,CC,VP,	0.9999928404357966	
dep. tree	ProductionRule_SINV->ADVP,,,VP,NP,	0.9999928686898504	
dep. tree	ProductionRule_NP->NP,CC,S,	0.9999928686898504	
dep. tree	ProductionRule_VP->VB,RB,ADVP,VP,	0.9999928754954605	
dep. tree	ProductionRule_VP->ADVP,VBP,SBAR,	0.9999929191184996	
dep. tree	ProductionRule_ADJP->RB,JJ,CC,JJ,	0.9999929254372488	
dep. tree	ProductionRule_PRN->,,S,	0.9999929260414487	
dep. tree	ProductionRule_SBARQ->WHADVP,SQ,	0.9999929384804731	
dep. tree	ProductionRule_FRAG->X,VP,.,	0.9999929947688561	
dep. tree	ProductionRule_SQ->VBZ,NP,VP,	0.9999930437631623	
dep. tree	ProductionRule_NP->PRP$,NP,	0.99999306903855	
dep. tree	ProductionRule_VP->VB,ADVP,NP,	0.9999931064728635	
dep. tree	ProductionRule_NP->DT,RRC,	0.9999931116065557	
dep. tree	ProductionRule_PP->IN,:,S,	0.9999931211867228	
dep. tree	ProductionRule_NP->DT,FW,	0.9999931343086533	
dep. tree	ProductionRule_NP->PDT,DT,JJ,NN,	0.9999931433070086	
dep. tree	ProductionRule_VP->VB,NP,,,ADVP,,,SBAR,	0.9999931433070086	
dep. tree	ProductionRule_NP->NN,NN,NN,	0.9999931695708221	
dep. tree	ProductionRule_S->SBAR,NP,ADVP,VP,	0.9999931740701108	
dep. tree	ProductionRule_VP->VBZ,:,SBARQ,	0.9999931763292388	
dep. tree	ProductionRule_NP->FW,FW,NN,	0.9999931928294467	
dep. tree	ProductionRule_QP->RB,DT,	0.9999932106280347	
dep. tree	ProductionRule_VP->VBN,'',S,	0.9999932180664047	
dep. tree	ProductionRule_VP->VBD,``,VP,	0.9999932180664047	
dep. tree	ProductionRule_SQ->VBD,NP,NP,.,	0.9999932265092102	
dep. tree	ProductionRule_PP->PP,CC,PP,	0.9999932749495953	
dep. tree	ProductionRule_VP->VB,PP,NP,SBAR,	0.9999932749495953	
dep. tree	ProductionRule_SINV->S,,,VP,NP,.,	0.9999932975658478	
dep. tree	ProductionRule_VP->VBD,NP,PP,ADVP,	0.9999933091339221	
dep. tree	ProductionRule_NP->DT,JJ,NN,'',	0.9999933091339221	
dep. tree	ProductionRule_VP->ADVP,VBD,NP,PP,	0.9999933091339221	
dep. tree	ProductionRule_ADVP->RB,RB,PP,	0.9999933091339221	
dep. tree	ProductionRule_FRAG->WHADVP,VP,	0.999993311341737	
dep. tree	ProductionRule_VP->VBN,NP,PP,VP,	0.9999933666273328	
dep. tree	ProductionRule_S->SBAR,,,SBAR,NP,VP,.,	0.9999933666273328	
dep. tree	ProductionRule_NP->NP,,,VP,,,VP,	0.9999933666273328	
dep. tree	ProductionRule_WHNP->RB,WP,	0.9999933666273328	
dep. tree	ProductionRule_VP->VBZ,ADJP,PP,SBAR,	0.9999934216178562	
dep. tree	ProductionRule_NP->NN,CC,NNS,NN,	0.9999935264865887	
dep. tree	ProductionRule_NP->NP,,,IN,NP,	0.9999935264865887	
dep. tree	ProductionRule_NP->PRP$,JJ,NN,CC,NN,	0.9999935264865887	
dep. tree	ProductionRule_FRAG->ADVP,.,	0.999993540216272	
dep. tree	ProductionRule_VP->ADVP,VB,NP,	0.9999936138504623	
dep. tree	ProductionRule_S->S,NP,VP,	0.9999936745425813	
dep. tree	ProductionRule_ADJP->RBR,JJ,PP,	0.9999937042747181	
dep. tree	ProductionRule_PP->CC,PP,	0.9999937156944039	
dep. tree	ProductionRule_ADJP->RB,PP,	0.9999937156944039	
dep. tree	ProductionRule_SQ->MD,RB,NP,VP,	0.9999937236190429	
dep. tree	ProductionRule_S->S,,,S,CC,S,	0.9999937754284475	
dep. tree	ProductionRule_NP->RB,JJ,	0.9999938159201186	
dep. tree	ProductionRule_NP->DT,NNP,POS,	0.9999938236783158	
dep. tree	ProductionRule_SBAR->S,CC,S,	0.9999938402993184	
dep. tree	ProductionRule_ADVP->IN,PP,	0.999993866777071	
dep. tree	ProductionRule_PP->VBN,PP,	0.9999938729868183	
dep. tree	ProductionRule_WHNP->WHNP,NP,	0.9999938830968166	
dep. tree	ProductionRule_VP->VBN,NP,PP,,,S,	0.9999939108863569	
dep. tree	ProductionRule_NP->DT,NNP,NNP,	0.9999939205290146	
dep. tree	ProductionRule_NP->JJ,NN,ADJP,NN,	0.999993939592591	
dep. tree	ProductionRule_VP->VBP,NP,NP,	0.9999939590860094	
dep. tree	ProductionRule_VP->VBD,PRT,S,	0.9999939670637253	
dep. tree	ProductionRule_VP->VB,CC,VB,PP,	0.9999940165250053	
dep. tree	ProductionRule_VP->VBN,PP,,,NP,	0.9999940268499995	
dep. tree	ProductionRule_PP->LS,NP,	0.9999940489786208	
dep. tree	ProductionRule_VP->VB,NP,PP,,,S,	0.9999940549518233	
dep. tree	ProductionRule_S->S,,,CC,ADVP,S,.,	0.9999940549518233	
dep. tree	ProductionRule_FRAG->FRAG,CC,FRAG,	0.9999942131274312	
dep. tree	ProductionRule_VP->VB,NP,ADVP,PP,	0.9999942374186016	
dep. tree	ProductionRule_S->S,,,S,,,SBAR,.,	0.9999942585933597	
dep. tree	ProductionRule_NP->JJ,NNS,NNS,	0.9999942947235061	
dep. tree	ProductionRule_VP->VBD,PRT,	0.9999942947235061	
dep. tree	ProductionRule_S->S,,,S,,,S,	0.9999942947235061	
dep. tree	ProductionRule_UCP->ADJP,,,VP,CC,RB,NP,	0.9999942947235061	
dep. tree	ProductionRule_PP->RB,IN,NP,	0.9999943134558517	
dep. tree	ProductionRule_VP->VB,,,FRAG,	0.9999943579208694	
dep. tree	ProductionRule_NP->NP,NNP,JJ,NN,	0.9999943579208694	
dep. tree	ProductionRule_FRAG->PP,,,NP,.,	0.9999943579208694	
dep. tree	ProductionRule_ADJP->NP,JJ,	0.9999944010488071	
dep. tree	ProductionRule_NP->DT,JJ,NN,SBAR,	0.9999944044717679	
dep. tree	ProductionRule_NP->DT,ADJP,NN,NN,	0.9999944549698095	
dep. tree	ProductionRule_VP->VBZ,ADVP,ADJP,	0.9999945187888127	
dep. tree	ProductionRule_NP->DT,JJ,CD,	0.999994553237023	
dep. tree	ProductionRule_ADJP->RB,VBN,PP,	0.9999945767598835	
dep. tree	ProductionRule_VP->VBZ,PP,ADVP,	0.9999945820374243	
dep. tree	ProductionRule_NP->DT,NP,	0.9999945842597925	
dep. tree	ProductionRule_VP->ADVP,VBD,NP,SBAR,	0.9999946158312067	
dep. tree	ProductionRule_SBAR->PP,IN,S,	0.9999946158312067	
dep. tree	ProductionRule_PP->IN,RB,	0.9999946158312067	
dep. tree	ProductionRule_S->``,NP,VP,.,	0.9999946246572229	
dep. tree	ProductionRule_VP->VB,PRT,UCP,	0.9999946298506881	
dep. tree	ProductionRule_VP->VBN,ADJP,PP,	0.9999946645128188	
dep. tree	ProductionRule_NP->NP,PP,NP,	0.999994671725626	
dep. tree	ProductionRule_SBARQ->SBAR,,,WHADVP,SQ,	0.9999947060312855	
dep. tree	ProductionRule_ADVP->RB,'',	0.9999947963480561	
dep. tree	ProductionRule_NP->NP,:,``,SBAR,	0.9999947963480561	
dep. tree	ProductionRule_SBAR->``,WHNP,S,	0.9999948574815477	
dep. tree	ProductionRule_NP->DT,NN,'',NN,	0.9999948574815477	
dep. tree	ProductionRule_NP->RB,DT,	0.9999948617516495	
dep. tree	ProductionRule_VP->VBZ,ADJP,,,SBAR,	0.9999949365585222	
dep. tree	ProductionRule_S->ADJP,NP,VP,.,	0.9999949485708384	
dep. tree	ProductionRule_S->S,IN,S,	0.9999949614599813	
dep. tree	ProductionRule_NP->PRP$,JJ,NN,NN,	0.9999949884014395	
dep. tree	ProductionRule_NP->NP,CC,RB,NP,	0.9999951014715206	
dep. tree	ProductionRule_NP->JJ,DT,	0.9999951014715206	
dep. tree	ProductionRule_ADVP->NP,IN,NP,	0.9999951014715206	
dep. tree	ProductionRule_VP->VBG,NP,S,SBAR,	0.9999951014715206	
dep. tree	ProductionRule_NP->NP,,,CC,RB,NP,	0.9999951020880427	
dep. tree	ProductionRule_NP->ADJP,,,NN,,,NN,NN,	0.9999951584849402	
dep. tree	ProductionRule_VP->VBD,PRT,NP,	0.9999951629904785	
dep. tree	ProductionRule_ADJP->RB,RBR,JJ,S,	0.9999951967847467	
dep. tree	ProductionRule_VP->VBP,RB,	0.9999952743680446	
dep. tree	ProductionRule_S->ADVP,,,NP,ADVP,VP,.,	0.9999953133249119	
dep. tree	ProductionRule_ADJP->NP,RB,	0.9999953148851604	
dep. tree	ProductionRule_NP->PRP$,ADJP,NN,	0.9999953809527764	
dep. tree	ProductionRule_VP->VB,ADVP,VP,	0.9999953840776752	
dep. tree	ProductionRule_VP->VBZ,ADVP,ADJP,S,	0.9999954491580083	
dep. tree	ProductionRule_VP->VB,NP,PP,PP,SBAR,	0.9999954801150523	
dep. tree	ProductionRule_VP->VB,ADVP,PP,S,	0.9999954801150523	
dep. tree	ProductionRule_NP->DT,JJ,NP,	0.999995490998737	
dep. tree	ProductionRule_UCP->ADJP,:,NP,	0.9999954940318863	
dep. tree	ProductionRule_UCP->NP,CC,ADVP,	0.9999954940318863	
dep. tree	ProductionRule_ADJP->RB,RB,SBAR,	0.9999954940318863	
dep. tree	ProductionRule_VP->VBG,ADJP,UCP,	0.9999954940318863	
dep. tree	ProductionRule_VP->VB,NP,ADVP,:,SBAR,	0.9999954940318863	
dep. tree	ProductionRule_VP->NP,S,	0.9999954983527369	
dep. tree	ProductionRule_NP->DT,JJS,JJ,NNS,	0.9999955102991225	
dep. tree	ProductionRule_FRAG->NP,S,	0.9999955102991225	
dep. tree	ProductionRule_ADJP->RB,VBG,	0.9999955102991225	
dep. tree	ProductionRule_VP->ADVP,VBN,PP,	0.9999955213877182	
dep. tree	ProductionRule_VP->VBN,ADVP,PP,PP,	0.9999955334462978	
dep. tree	ProductionRule_NP->VBG,JJ,NN,	0.9999955897142889	
dep. tree	ProductionRule_NP->CD,NN,NN,	0.999995639651387	
dep. tree	ProductionRule_NP->NP,CONJP,NP,	0.9999956826522802	
dep. tree	ProductionRule_NP->PRP$,JJS,NN,	0.9999957577023671	
dep. tree	ProductionRule_VP->VB,PP,,,SBAR,	0.9999957660605054	
dep. tree	ProductionRule_S->SBAR,VP,.,	0.9999957686126248	
dep. tree	ProductionRule_NP->JJ,NN,S,	0.9999958265817582	
dep. tree	ProductionRule_NP->ADVP,NP,CC,RB,NP,	0.9999958447078262	
dep. tree	ProductionRule_ADVP->RB,JJR,	0.9999958604954883	
dep. tree	ProductionRule_S->VP,.,	0.9999958657782073	
dep. tree	ProductionRule_NP->DT,``,NNP,	0.9999959652423308	
dep. tree	ProductionRule_FRAG->INTJ,,,ADVP,NP,	0.9999959685917014	
dep. tree	ProductionRule_NP->NP,SBAR,.,	0.9999959685917014	
dep. tree	ProductionRule_VP->VBD,CC,VBD,PP,	0.9999959685917014	
dep. tree	ProductionRule_NP->VBN,NN,RB,	0.9999959685917014	
dep. tree	ProductionRule_VP->VBP,PP,SBAR,	0.9999960228178263	
dep. tree	ProductionRule_NP->DT,JJ,,,JJ,,,NN,NN,	0.999996060552413	
dep. tree	ProductionRule_NP->DT,JJ,,,JJ,NN,	0.999996060552413	
dep. tree	ProductionRule_NP->NN,JJ,	0.9999960867871501	
dep. tree	ProductionRule_NP->NP,ADJP,PP,	0.9999961425140664	
dep. tree	ProductionRule_VP->VBZ,S,,,S,	0.9999961425140664	
dep. tree	ProductionRule_VP->VBP,,,S,	0.9999961425140664	
dep. tree	ProductionRule_ADJP->JJ,CC,NN,	0.9999961425140664	
dep. tree	ProductionRule_NP->PRP$,NN,CC,JJ,NN,	0.999996146630453	
dep. tree	ProductionRule_SINV->ADJP,,,ADVP,VP,NP,	0.9999962164660043	
dep. tree	ProductionRule_VP->VP,CC,VP,,,ADVP,VP,	0.9999962201334945	
dep. tree	ProductionRule_ADVP->RB,JJ,	0.9999962647172393	
dep. tree	ProductionRule_ADJP->ADVP,JJR,	0.9999962647172393	
dep. tree	ProductionRule_NP->PRP,CC,PRP,	0.9999962664580165	
dep. tree	ProductionRule_NP->NNS,CC,NN,NNS,	0.9999962881838413	
dep. tree	ProductionRule_SBAR->IN,FRAG,	0.9999962940501745	
dep. tree	ProductionRule_QP->IN,CD,	0.9999963030705117	
dep. tree	ProductionRule_NP->PRP$,NN,NN,	0.9999963204295444	
dep. tree	ProductionRule_ADJP->JJ,RB,SBAR,	0.9999963303207433	
dep. tree	ProductionRule_S->SBAR,VP,	0.9999963764625814	
dep. tree	ProductionRule_NP->S,CC,NP,	0.9999963978840097	
dep. tree	ProductionRule_VP->VB,PP,ADVP,SBAR,	0.9999964136108552	
dep. tree	ProductionRule_VP->NN,NP,PP,	0.9999964413894784	
dep. tree	ProductionRule_VP->VB,ADJP,ADVP,	0.9999964487099248	
dep. tree	ProductionRule_VP->VBN,PP,NP,	0.9999965060546414	
dep. tree	ProductionRule_VP->VBP,PP,ADVP,PP,	0.999996525030113	
dep. tree	ProductionRule_ADVP->IN,CC,IN,	0.9999965511105069	
dep. tree	ProductionRule_FRAG->NP,:,S,.,	0.9999965511105069	
dep. tree	ProductionRule_NP->JJS,NN,	0.9999966279507349	
dep. tree	ProductionRule_VP->VB,PRT,PP,PP,	0.9999966279507349	
dep. tree	ProductionRule_VP->VB,ADVP,UCP,	0.9999966279507349	
dep. tree	ProductionRule_S->S,CC,S,CC,,,S,.,	0.9999966279507349	
dep. tree	ProductionRule_UCP->PP,CC,ADVP,ADJP,	0.9999966279507349	
dep. tree	ProductionRule_NP->NP,:,NP,:,	0.9999967026422357	
dep. tree	ProductionRule_NP->NP,,,NP,-RRB-,	0.9999967026422357	
dep. tree	ProductionRule_NP->FW,FW,FW,FW,FW,FW,FW,	0.9999967026422357	
dep. tree	ProductionRule_NP->NN,NN,-LRB-,	0.9999967026422357	
dep. tree	ProductionRule_VP->VBZ,ADJP,S,NP,	0.9999967026422357	
dep. tree	ProductionRule_VP->VBZ,NP,NP,	0.9999968129627214	
dep. tree	ProductionRule_ADJP->JJR,NN,	0.9999968161632385	
dep. tree	ProductionRule_NP->ADVP,NN,	0.9999968161632385	
dep. tree	ProductionRule_VP->VBG,NP,ADVP,	0.9999968211440421	
dep. tree	ProductionRule_SINV->S,VP,NP,.,	0.9999968609052531	
dep. tree	ProductionRule_VP->VBP,ADVP,NP,	0.9999968766811886	
dep. tree	ProductionRule_VP->VB,ADJP,PP,S,	0.9999968793538788	
dep. tree	ProductionRule_NP->PRN,NNS,	0.9999968970178251	
dep. tree	ProductionRule_SQ->VBZ,ADJP,	0.9999969123699279	
dep. tree	ProductionRule_SQ->VBP,NP,S,	0.9999969123699279	
dep. tree	ProductionRule_NP->NP,ADVP,NP,	0.9999969755293463	
dep. tree	ProductionRule_VP->VBG,ADVP,	0.9999970105630073	
dep. tree	ProductionRule_VP->VBZ,RB,SBAR,	0.9999970145907181	
dep. tree	ProductionRule_NP->PRP$,ADJP,NNS,	0.9999970202085634	
dep. tree	ProductionRule_S->S,,,IN,S,.,	0.9999970256622998	
dep. tree	ProductionRule_VP->ADVP,VBN,PP,SBAR,	0.9999970492364495	
dep. tree	ProductionRule_VP->VBD,ADVP,NP,	0.999997087840547	
dep. tree	ProductionRule_NP->NP,NN,CC,NN,	0.999997087840547	
dep. tree	ProductionRule_NP->JJ,JJ,CC,JJ,NNS,	0.999997087840547	
dep. tree	ProductionRule_NP->NP,,,NP,,,NP,CC,NP,	0.9999970901229045	
dep. tree	ProductionRule_VP->VBP,NP,PP,S,	0.9999970991344398	
dep. tree	ProductionRule_VP->VBG,ADJP,PP,	0.9999970991344398	
dep. tree	ProductionRule_VP->NNP,PP,	0.9999971011651425	
dep. tree	ProductionRule_NP->RB,JJ,NNS,	0.9999971217929539	
dep. tree	ProductionRule_NP->NNS,NN,NNS,	0.9999971410012997	
dep. tree	ProductionRule_VP->VBZ,NP,PP,ADVP,SBAR,	0.9999971410012997	
dep. tree	ProductionRule_VP->RB,ADVP,VBN,	0.9999971410012997	
dep. tree	ProductionRule_VP->VB,ADJP,	0.9999971422812389	
dep. tree	ProductionRule_VP->VB,PRT,SBAR,	0.9999971602206702	
dep. tree	ProductionRule_NP->JJ,POS,	0.9999971602206702	
dep. tree	ProductionRule_NP->JJ,VBN,NNS,	0.9999971602206702	
dep. tree	ProductionRule_PP->IN,NP,PP,	0.9999972539473603	
dep. tree	ProductionRule_SINV->S,VP,NP,	0.99999731508753	
dep. tree	ProductionRule_S->S,-LRB-,CC,-RRB-,S,	0.9999973157408245	
dep. tree	ProductionRule_NP->DT,``,NNP,'',NN,	0.9999973157408245	
dep. tree	ProductionRule_S->ADVP,S,VP,	0.9999973157408245	
dep. tree	ProductionRule_VP->RB,VBG,NP,	0.9999973187559629	
dep. tree	ProductionRule_PP->RB,NP,	0.9999973314556769	
dep. tree	ProductionRule_ADJP->NP,JJR,	0.9999973473160931	
dep. tree	ProductionRule_SQ->VBZ,NP,NP,	0.999997367523342	
dep. tree	ProductionRule_NP->NN,PRP$,NN,	0.9999973823252614	
dep. tree	ProductionRule_NP->DT,PRP,	0.9999973906156758	
dep. tree	ProductionRule_VP->VBD,ADVP,,,PP,	0.9999974069856111	
dep. tree	ProductionRule_VP->VB,ADVP,ADVP,	0.9999974200691061	
dep. tree	ProductionRule_SBAR->WHADVP,S,.,	0.9999974308945714	
dep. tree	ProductionRule_FRAG->RB,PP,.,	0.9999974330212072	
dep. tree	ProductionRule_NP->JJ,CC,JJ,	0.9999974342705089	
dep. tree	ProductionRule_NP->NP,ADVP,SBAR,	0.9999974581915722	
dep. tree	ProductionRule_VP->VB,NP,PP,,,ADVP,	0.9999974877915954	
dep. tree	ProductionRule_ADJP->JJ,ADVP,PP,PP,	0.9999974963419247	
dep. tree	ProductionRule_VP->VBN,PP,S,	0.9999974963419247	
dep. tree	ProductionRule_NP->RB,CD,NNS,	0.9999974963419247	
dep. tree	ProductionRule_WHNP->WP$,NP,	0.9999974963419247	
dep. tree	ProductionRule_VP->VP,,,ADJP,	0.9999975136098791	
dep. tree	ProductionRule_ADJP->ADJP,FRAG,	0.9999975136098791	
dep. tree	ProductionRule_S->S,IN,S,.,	0.9999975136098791	
dep. tree	ProductionRule_ADJP->``,JJ,CC,JJ,	0.9999975174901181	
dep. tree	ProductionRule_ADJP->RB,RB,PP,	0.9999975252921803	
dep. tree	ProductionRule_ADVP->RB,NP,	0.9999975369320508	
dep. tree	ProductionRule_S->S,,,ADVP,,,S,.,	0.999997578348631	
dep. tree	ProductionRule_FRAG->SBAR,,,WHADVP,.,	0.9999975844540906	
dep. tree	ProductionRule_NP->NP,ADJP,SBAR,	0.9999975947369983	
dep. tree	ProductionRule_VP->VBP,PP,ADVP,	0.9999976302524682	
dep. tree	ProductionRule_VP->VBG,NP,S,	0.9999976475622627	
dep. tree	ProductionRule_VP->VB,ADJP,S,SBAR,	0.9999976730332739	
dep. tree	ProductionRule_UCP->S,CC,PP,	0.9999976832207699	
dep. tree	ProductionRule_VP->VBD,,,PP,,,UCP,	0.9999976832207699	
dep. tree	ProductionRule_PP->TO,CC,IN,NP,	0.9999976832207699	
dep. tree	ProductionRule_WHNP->WRB,JJ,	0.999997730970857	
dep. tree	ProductionRule_NP->NP,NP,.,	0.9999977509835855	
dep. tree	ProductionRule_VP->VB,NP,S,,,S,	0.9999978070951208	
dep. tree	ProductionRule_ADJP->ADJP,S,SBAR,	0.9999978070951208	
dep. tree	ProductionRule_NP->NN,NN,CD,	0.9999978070951208	
dep. tree	ProductionRule_S->S,CC,S,,,S,,,S,CC,S,	0.9999978191610579	
dep. tree	ProductionRule_NP->DT,JJ,S,	0.9999978191610579	
dep. tree	ProductionRule_VP->VBZ,RB,ADVP,NP,	0.9999978191610579	
dep. tree	ProductionRule_VP->RB,VBN,PP,	0.9999978191610579	
dep. tree	ProductionRule_NP->DT,JJ,NNS,RB,	0.9999978315378916	
dep. tree	ProductionRule_NP->FW,FW,FW,FW,	0.9999978316603356	
dep. tree	ProductionRule_ADJP->RB,JJR,SBAR,	0.9999978334762674	
dep. tree	ProductionRule_VP->VBP,ADVP,S,	0.9999978486430454	
dep. tree	ProductionRule_VP->VBZ,RB,ADJP,S,	0.9999978533834987	
dep. tree	ProductionRule_NP->NNP,,,	0.9999978582769499	
dep. tree	ProductionRule_VP->VBP,UCP,	0.9999978582769499	
dep. tree	ProductionRule_NP->NP,NN,NN,	0.9999978582769499	
dep. tree	ProductionRule_UCP->S,CC,SBAR,	0.9999978582769499	
dep. tree	ProductionRule_NP->NP,:,SQ,	0.9999978582769499	
dep. tree	ProductionRule_S->``,NP,VP,'',	0.999997878528969	
dep. tree	ProductionRule_VP->VBZ,ADJP,PRN,	0.999997878528969	
dep. tree	ProductionRule_ADJP->JJ,.,	0.999997878528969	
dep. tree	ProductionRule_VP->VBZ,PRN,	0.999997878528969	
dep. tree	ProductionRule_PRN->-LRB-,ADJP,-RRB-,	0.999997878528969	
dep. tree	ProductionRule_VP->VB,NP,NP,S,	0.9999978800072533	
dep. tree	ProductionRule_VP->VBG,ADVP,NP,	0.9999978800072533	
dep. tree	ProductionRule_NP->PRP$,NN,NN,NN,	0.9999979166599722	
dep. tree	ProductionRule_NP->ADVP,PP,	0.9999979210191202	
dep. tree	ProductionRule_UCP->NP,CC,RRC,	0.999997989319268	
dep. tree	ProductionRule_VP->VBN,NP,ADVP,	0.999997989319268	
dep. tree	ProductionRule_VP->VBZ,NP,,,ADVP,	0.9999980251695864	
dep. tree	ProductionRule_ADVP->RB,VP,	0.9999980251695864	
dep. tree	ProductionRule_SBAR->WHNP,S,,,	0.9999980336061025	
dep. tree	ProductionRule_VP->VBZ,ADVP,NP,SBAR,	0.9999980532679493	
dep. tree	ProductionRule_S->NP,VP,'',.,	0.9999980586626397	
dep. tree	ProductionRule_SBAR->IN,S,CC,RB,	0.9999980705701894	
dep. tree	ProductionRule_VP->VBZ,NP,,,PP,	0.9999980705701894	
dep. tree	ProductionRule_NP->DT,VBN,CD,NNS,	0.9999980853028024	
dep. tree	ProductionRule_UCP->FRAG,CC,SBAR,	0.9999980903512785	
dep. tree	ProductionRule_VP->VBG,NP,PP,S,	0.9999981335953464	
dep. tree	ProductionRule_NP->DT,JJ,NN,NN,NNS,	0.9999981335953464	
dep. tree	ProductionRule_VP->VBG,PRT,NP,PP,	0.9999981335953464	
dep. tree	ProductionRule_NP->NN,RB,POS,	0.9999981340068014	
dep. tree	ProductionRule_NP->ADVP,JJ,``,NN,	0.999998136855844	
dep. tree	ProductionRule_NP->CD,NNP,	0.999998136855844	
dep. tree	ProductionRule_SINV->PP,VP,NP,	0.999998136855844	
dep. tree	ProductionRule_VP->VBZ,ADJP,S,PP,	0.9999981500228029	
dep. tree	ProductionRule_NP->RB,NP,CC,ADVP,NP,	0.9999981500228029	
dep. tree	ProductionRule_NP->RB,NP,ADVP,	0.9999981510426654	
dep. tree	ProductionRule_PRN->-LRB-,PP,-RRB-,	0.9999981622993531	
dep. tree	ProductionRule_VP->VB,FRAG,	0.9999981711883111	
dep. tree	ProductionRule_NP->NP,'',VP,	0.9999981905984384	
dep. tree	ProductionRule_SBAR->IN,S,.,	0.9999982303821251	
dep. tree	ProductionRule_S->NP,,,ADVP,VP,.,	0.9999982316987193	
dep. tree	ProductionRule_NP->UCP,NNS,	0.9999982722221268	
dep. tree	ProductionRule_S->``,NP,'',	0.9999982824627647	
dep. tree	ProductionRule_S->S,RB,,,S,CC,S,	0.9999982824627647	
dep. tree	ProductionRule_S->S,NP,ADVP,VP,	0.9999982824627647	
dep. tree	ProductionRule_NP->NP,,,ADVP,	0.9999982864072273	
dep. tree	ProductionRule_S->PP,,,S,:,VP,	0.9999982864072273	
dep. tree	ProductionRule_FRAG->:,ADVP,NP,	0.9999982864072273	
dep. tree	ProductionRule_S->ADVP,,,SBAR,,,NP,VP,	0.9999982864072273	
dep. tree	ProductionRule_ADVP->RB,RB,S,	0.9999982914531945	
dep. tree	ProductionRule_VP->MD,ADVP,ADVP,VP,	0.9999982914531945	
dep. tree	ProductionRule_VP->VB,NP,ADVP,SBAR,	0.9999982950875045	
dep. tree	ProductionRule_VP->VBZ,NP,:,S,	0.9999983031450396	
dep. tree	ProductionRule_SBAR->CC,S,	0.9999983174588617	
dep. tree	ProductionRule_S->ADVP,LS,VP,.,	0.9999983327307805	
dep. tree	ProductionRule_VP->VBP,ADJP,S,	0.9999983705685992	
dep. tree	ProductionRule_VP->VBG,PRT,NP,S,	0.9999983755191373	
dep. tree	ProductionRule_VP->VBD,ADVP,,,SBAR,	0.9999983755191373	
dep. tree	ProductionRule_NP->S,CC,S,	0.9999983755191373	
dep. tree	ProductionRule_VP->TO,NP,	0.9999983939505842	
dep. tree	ProductionRule_SQ->VBD,NP,VP,	0.9999983939505842	
dep. tree	ProductionRule_SBARQ->WHADVP,PRN,SQ,.,	0.9999983939505842	
dep. tree	ProductionRule_NP->NP,NN,S,	0.9999983939505842	
dep. tree	ProductionRule_NP->VBG,NN,	0.9999984050752017	
dep. tree	ProductionRule_NP->NP,CC,CC,S,	0.9999984295843473	
dep. tree	ProductionRule_NP->NNP,NNP,NNP,.,	0.9999984472846319	
dep. tree	ProductionRule_CONJP->RB,RB,IN,	0.9999984519209858	
dep. tree	ProductionRule_NP->NP,,,CONJP,NP,	0.9999984519209858	
dep. tree	ProductionRule_NP->JJ,ADJP,JJ,NNS,	0.9999984519209858	
dep. tree	ProductionRule_VP->VBP,NP,PP,,,PP,	0.9999984915313924	
dep. tree	ProductionRule_QP->IN,$,CD,CC,$,CD,CD,	0.9999984915313924	
dep. tree	ProductionRule_VP->VBP,ADVP,PP,SBAR,	0.9999985037976328	
dep. tree	ProductionRule_PP->CC,NP,	0.9999985308841698	
dep. tree	ProductionRule_VP->VB,ADJP,NP,	0.9999985361888035	
dep. tree	ProductionRule_S->SBAR,,,NP,ADVP,VP,	0.9999985503145453	
dep. tree	ProductionRule_VP->LS,VP,	0.9999985503829772	
dep. tree	ProductionRule_NP->NNP,NNP,NNP,JJ,NNS,	0.9999985534637074	
dep. tree	ProductionRule_NP->DT,VBG,NN,NN,	0.9999985534637074	
dep. tree	ProductionRule_SINV->S,,,VP,NP,	0.9999985853486887	
dep. tree	ProductionRule_VP->VBN,SBAR,	0.9999985937779933	
dep. tree	ProductionRule_NP->PRP,:,SBAR,	0.9999986113091339	
dep. tree	ProductionRule_NP->DT,NN,NN,S,	0.999998631354747	
dep. tree	ProductionRule_VP->VBG,NP,ADVP,PP,	0.9999986320782577	
dep. tree	ProductionRule_S->S,:,CC,S,.,	0.9999986320782577	
dep. tree	ProductionRule_VP->VP,,,VP,,,SBAR,	0.9999986455624171	
dep. tree	ProductionRule_VP->NN,NP,S,	0.9999986455624171	
dep. tree	ProductionRule_VP->VBZ,NP,ADVP,ADVP,	0.9999986622984259	
dep. tree	ProductionRule_VP->VB,NP,ADVP,ADVP,	0.9999986622984259	
dep. tree	ProductionRule_WHNP->NP,PP,	0.9999986622984259	
dep. tree	ProductionRule_ADJP->NN,RB,	0.9999986622984259	
dep. tree	ProductionRule_NP->SQ,VP,	0.9999986622984259	
dep. tree	ProductionRule_VP->VBP,NP,PP,SBAR,	0.9999986622984259	
dep. tree	ProductionRule_SQ->VP,NP,NP,	0.9999986622984259	
dep. tree	ProductionRule_S->NP,SBAR,NP,VP,.,	0.9999986710384328	
dep. tree	ProductionRule_PP->TO,SBAR,	0.9999986845906764	
dep. tree	ProductionRule_NP->DT,NNS,CC,NNS,	0.9999986866997865	
dep. tree	ProductionRule_S->SBAR,,,S,CC,S,	0.9999986866997865	
dep. tree	ProductionRule_VP->VBN,PRT,	0.9999986866997865	
dep. tree	ProductionRule_NP->JJ,,,JJ,NN,NN,	0.9999986925885046	
dep. tree	ProductionRule_NP->NN,FW,FW,	0.9999986925885046	
dep. tree	ProductionRule_NP->NP,,,NP,,,NP,	0.9999986925885046	
dep. tree	ProductionRule_NP->FW,FW,FW,FW,FW,FW,FW,FW,FW,	0.9999986925885046	
dep. tree	ProductionRule_NP->FW,FW,FW,FW,FW,FW,FW,FW,	0.9999986925885046	
dep. tree	ProductionRule_NP->FW,FW,FW,FW,FW,FW,	0.9999986925885046	
dep. tree	ProductionRule_NP->DT,FW,FW,FW,FW,FW,	0.9999986925885046	
dep. tree	ProductionRule_NP->DT,FW,FW,NNP,	0.9999986925885046	
dep. tree	ProductionRule_NP->DT,FW,FW,FW,FW,FW,FW,FW,FW,	0.9999986925885046	
dep. tree	ProductionRule_ADVP->RB,CC,RB,	0.9999986986674838	
dep. tree	ProductionRule_SINV->VP,NP,	0.9999986986674838	
dep. tree	ProductionRule_SBAR->IN,S,:,	0.9999987121628212	
dep. tree	ProductionRule_NP->PRP$,VBG,NN,	0.9999987121628212	
dep. tree	ProductionRule_PRN->S,-RRB-,	0.9999987121628212	
dep. tree	ProductionRule_VP->VBZ,NP,PRN,	0.9999987273354118	
dep. tree	ProductionRule_PRN->NP,-RRB-,	0.9999987273354118	
dep. tree	ProductionRule_ADJP->JJ,NN,	0.9999987273354118	
dep. tree	ProductionRule_FRAG->ADJP,:,	0.9999987273354118	
dep. tree	ProductionRule_VP->VB,CC,VB,S,SBAR,	0.9999987303178617	
dep. tree	ProductionRule_VP->VBD,NP,NP,SBAR,	0.9999987303178617	
dep. tree	ProductionRule_VP->VBG,ADVP,S,,,ADVP,FRAG,	0.9999987303178617	
dep. tree	ProductionRule_NP->CD,NP,NNS,	0.9999987417462921	
dep. tree	ProductionRule_PP->IN,NP,NP,	0.9999987700240738	
dep. tree	ProductionRule_UCP->ADJP,CC,ADVP,	0.9999987832583481	
dep. tree	ProductionRule_NP->PRP$,JJR,NN,	0.9999987832583481	
dep. tree	ProductionRule_VP->VBN,NP,ADVP,PP,NP,	0.9999988014412092	
dep. tree	ProductionRule_VP->VP,CC,VP,:,SBAR,	0.9999988082709458	
dep. tree	ProductionRule_VP->VBD,RB,NP,	0.9999988082709458	
dep. tree	ProductionRule_ADVP->RB,NP,PP,	0.9999988082709458	
dep. tree	ProductionRule_NP->ADVP,DT,NN,	0.9999988082709458	
dep. tree	ProductionRule_VP->VB,RBR,	0.9999988262178733	
dep. tree	ProductionRule_VP->VBZ,NP,ADVP,SBAR,	0.9999988507598139	
dep. tree	ProductionRule_ADVP->IN,RB,	0.9999988665451266	
dep. tree	ProductionRule_NP->NP,FRAG,	0.9999988667090283	
dep. tree	ProductionRule_WHNP->WDT,NN,	0.9999988678109181	
dep. tree	ProductionRule_NP->DT,NNP,NNPS,	0.9999989019022066	
dep. tree	ProductionRule_SBAR->TO,S,	0.9999989045246885	
dep. tree	ProductionRule_NP->DT,DT,NNS,	0.9999989045246885	
dep. tree	ProductionRule_S->NP,S,VP,.,	0.9999989051751318	
dep. tree	ProductionRule_VP->VBZ,ADVP,NP,	0.9999989093800131	
dep. tree	ProductionRule_VP->NN,PP,	0.9999989216262705	
dep. tree	ProductionRule_PP->IN,NN,	0.9999989216262705	
dep. tree	ProductionRule_VP->VBP,ADJP,PRN,	0.9999989363684398	
dep. tree	ProductionRule_ADJP->NN,PP,	0.9999989448287697	
dep. tree	ProductionRule_NP->CD,CD,	0.999998949486672	
dep. tree	ProductionRule_NP->DT,NNP,JJ,NN,	0.999998949486672	
dep. tree	ProductionRule_NP->PRP,NNS,	0.9999989690428734	
dep. tree	ProductionRule_VP->VBN,CC,VBN,	0.9999989708852646	
dep. tree	ProductionRule_NP->NP,VP,NP,.,	0.9999989736574215	
dep. tree	ProductionRule_NP->IN,NP,	0.999998979680775	
dep. tree	ProductionRule_NP->DT,NNS,NN,	0.9999989917754907	
dep. tree	ProductionRule_NP->NNP,NNP,POS,	0.9999990036200416	
dep. tree	ProductionRule_VP->VBZ,RB,ADVP,VP,	0.9999990140036147	
dep. tree	ProductionRule_VP->VBZ,PP,S,	0.9999990214788884	
dep. tree	ProductionRule_PP->PP,NP,	0.9999990281417711	
dep. tree	ProductionRule_S->NP,,,PP,	0.999999039323178	
dep. tree	ProductionRule_VP->VBP,``,NP,	0.9999990584256607	
dep. tree	ProductionRule_NP->NP,PP,-RRB-,	0.9999990693198944	
dep. tree	ProductionRule_PP->IN,NP,:,	0.9999990693198944	
dep. tree	ProductionRule_NP->DT,VBG,JJ,NN,	0.9999990870576645	
dep. tree	ProductionRule_S->NP,,,SBAR,,,VP,.,	0.9999990870576645	
dep. tree	ProductionRule_NP->JJ,-LRB-,	0.9999991126101552	
dep. tree	ProductionRule_VP->TO,PRN,VP,	0.9999991212489753	
dep. tree	ProductionRule_NP->DT,JJ,CC,JJ,NN,	0.9999991212489753	
dep. tree	ProductionRule_ADJP->JJ,CC,RB,	0.9999991403956604	
dep. tree	ProductionRule_NP->RB,JJR,	0.9999991417201466	
dep. tree	ProductionRule_NP->CD,CC,CD,NNS,	0.9999991417201466	
dep. tree	ProductionRule_NP->NP,PP,,,SBAR,	0.9999991437807966	
dep. tree	ProductionRule_VP->VBN,PP,PP,,,NP,	0.9999991545404953	
dep. tree	ProductionRule_NP->RBS,JJ,NNS,	0.9999991545404953	
dep. tree	ProductionRule_FRAG->NP,ADJP,.,	0.9999991660718298	
dep. tree	ProductionRule_PP->IN,ADVP,	0.9999991847727873	
dep. tree	ProductionRule_VP->VBZ,RB,NP,SBAR,	0.9999991870834156	
dep. tree	ProductionRule_VP->VBZ,ADJP,S,,,SBAR,	0.9999991913269064	
dep. tree	ProductionRule_VP->ADVP,VBZ,	0.9999991913269064	
dep. tree	ProductionRule_VP->ADVP,VBG,PP,	0.9999991913269064	
dep. tree	ProductionRule_FRAG->ADVP,,,ADVP,.,	0.9999991961388225	
dep. tree	ProductionRule_VP->VB,NP,FRAG,	0.9999992064492867	
dep. tree	ProductionRule_FRAG->CC,ADVP,SBAR,	0.9999992064492867	
dep. tree	ProductionRule_NP->NN,NN,NNS,	0.9999992332464497	
dep. tree	ProductionRule_NP->DT,ADJP,JJ,NN,	0.9999992433142014	
dep. tree	ProductionRule_VP->VBP,NP,PP,,,NP,	0.999999267239615	
dep. tree	ProductionRule_VP->VB,PRN,	0.9999992855045936	
dep. tree	ProductionRule_NP->RB,NNS,	0.9999992855045936	
dep. tree	ProductionRule_VP->VBP,PRT,NP,	0.9999992855045936	
dep. tree	ProductionRule_S->PP,NP,PP,VP,	0.9999992855045936	
dep. tree	ProductionRule_NP->CD,CD,NN,	0.9999992855045936	
dep. tree	ProductionRule_ADJP->ADVP,NN,	0.9999992855045936	
dep. tree	ProductionRule_NP->DT,JJ,JJ,JJ,NNS,	0.9999992855045936	
dep. tree	ProductionRule_PP->PP,CONJP,PP,	0.999999296947053	
dep. tree	ProductionRule_CONJP->CC,RB,	0.999999296947053	
dep. tree	ProductionRule_S->NP,ADVP,,,NP,VP,	0.9999992975276244	
dep. tree	ProductionRule_PP->RB,PP,	0.9999993007035475	
dep. tree	ProductionRule_NP->DT,NNP,CC,LS,	0.9999993007035475	
dep. tree	ProductionRule_NP->NNS,NN,NN,	0.999999331144752	
dep. tree	ProductionRule_VP->VBZ,ADVP,ADVP,S,	0.9999993499115823	
dep. tree	ProductionRule_VP->VBZ,ADVP,ADVP,SBAR,	0.9999993499115823	
dep. tree	ProductionRule_VP->VBZ,ADJP,PP,,,SBAR,	0.9999993536354235	
dep. tree	ProductionRule_NP->NP,,,CC,NP,	0.9999993611663883	
dep. tree	ProductionRule_NP->NP,CC,SBAR,	0.9999993684144806	
dep. tree	ProductionRule_SINV->PP,VP,SBAR,.,	0.9999993684144806	
dep. tree	ProductionRule_NP->NP,NP,,,SBAR,	0.9999993699670497	
dep. tree	ProductionRule_NP->DT,QP,	0.999999372427096	
dep. tree	ProductionRule_NP->NP,-LRB-,CC,NP,-RRB-,	0.9999993827518616	
dep. tree	ProductionRule_ADJP->JJ,ADVP,PP,	0.9999993832730378	
dep. tree	ProductionRule_NP->NP,'',PP,	0.9999994004182924	
dep. tree	ProductionRule_S->``,SBAR,VP,.,	0.9999994425667046	
dep. tree	ProductionRule_VP->VBN,'',	0.9999994425667046	
dep. tree	ProductionRule_ADVP->IN,NN,	0.9999994475688933	
dep. tree	ProductionRule_SBAR->WHADJP,S,	0.9999994525861792	
dep. tree	ProductionRule_WHADJP->WRB,JJ,	0.9999994525861792	
dep. tree	ProductionRule_VP->ADVP,VBG,PRT,PP,	0.9999994537607689	
dep. tree	ProductionRule_VP->VBZ,ADVP,SBAR,	0.9999994582200558	
dep. tree	ProductionRule_VP->VB,PRT,PP,SBAR,	0.9999994652278402	
dep. tree	ProductionRule_VP->VP,CC,RB,VP,	0.9999994894307261	
dep. tree	ProductionRule_NP->DT,JJ,CC,JJ,JJ,NN,	0.9999994894307261	
dep. tree	ProductionRule_VP->VP,SBAR,	0.99999949193464	
dep. tree	ProductionRule_VP->ADVP,VB,VP,	0.9999995120488815	
dep. tree	ProductionRule_VP->VB,NP,,,S,	0.9999995197934433	
dep. tree	ProductionRule_ADJP->ADJP,PRN,	0.9999995207933601	
dep. tree	ProductionRule_VP->VBP,ADJP,ADVP,ADJP,	0.9999995207933601	
dep. tree	ProductionRule_SBAR->WHNP,S,:,	0.9999995207933601	
dep. tree	ProductionRule_NP->RB,DT,ADJP,NN,	0.9999995258342534	
dep. tree	ProductionRule_ADVP->DT,RB,RB,	0.9999995258342534	
dep. tree	ProductionRule_S->S,:,``,S,.,'',	0.9999995439987586	
dep. tree	ProductionRule_NP->PDT,PRP$,NN,	0.9999995439987586	
dep. tree	ProductionRule_VP->VBP,RB,PP,	0.9999995501305279	
dep. tree	ProductionRule_VP->MD,RB,S,	0.99999956572534	
dep. tree	ProductionRule_VP->VB,PRT,NP,ADVP,,,PP,	0.9999995736558667	
dep. tree	ProductionRule_VP->VBZ,ADVP,NP,,,SBAR,	0.9999995736558667	
dep. tree	ProductionRule_VP->ADVP,VBD,NP,PRT,	0.9999995819374337	
dep. tree	ProductionRule_VP->NN,NP,	0.9999995947315491	
dep. tree	ProductionRule_SQ->VBD,NP,ADJP,.,	0.9999996009405624	
dep. tree	ProductionRule_ADJP->RB,SBAR,	0.9999996009405624	
dep. tree	ProductionRule_ADVP->NP,IN,	0.9999996062019393	
dep. tree	ProductionRule_ADJP->CD,NN,	0.9999996217661572	
dep. tree	ProductionRule_NP->NP,POS,	0.9999996239751386	
dep. tree	ProductionRule_SQ->VBP,NP,VP,.,	0.999999624846927	
dep. tree	ProductionRule_S->SBAR,:,NP,VP,.,	0.9999996279759125	
dep. tree	ProductionRule_NP->LS,RB,	0.9999996307914044	
dep. tree	ProductionRule_NP->DT,NN,FW,FW,	0.9999996311599091	
dep. tree	ProductionRule_NP->DT,RB,JJ,NN,	0.9999996403919261	
dep. tree	ProductionRule_NP->NP,,,UCP,	0.9999996409085509	
dep. tree	ProductionRule_UCP->NP,,,ADJP,,,ADJP,,,ADJP,,,ADJP,,,ADJP,,,ADJP,,,ADJP,,,CC,NP,	0.9999996409085509	
dep. tree	ProductionRule_S->NP,ADJP,PP,	0.9999996499431477	
dep. tree	ProductionRule_ADJP->RB,RBR,	0.9999996499431477	
dep. tree	ProductionRule_VP->ADVP,PP,	0.9999996499431477	
dep. tree	ProductionRule_VP->VBZ,NP,PP,SBAR,	0.9999996499578934	
dep. tree	ProductionRule_S->ADVP,,,NP,ADVP,VP,	0.9999996499578934	
dep. tree	ProductionRule_NP->NN,NNP,NNP,NNP,NNP,CC,NNP,	0.9999996499578934	
dep. tree	ProductionRule_S->S,:,S,:,CC,S,	0.9999996499578934	
dep. tree	ProductionRule_VP->VBZ,ADVP,NP,S,	0.999999665616898	
dep. tree	ProductionRule_VP->VBD,NP,PRT,PP,	0.999999665616898	
dep. tree	ProductionRule_S->S,CC,,,S,	0.9999996749505002	
dep. tree	ProductionRule_VP->VBG,``,NP,'',	0.9999996891905216	
dep. tree	ProductionRule_S->PP,NP,ADVP,VP,	0.9999996891905216	
dep. tree	ProductionRule_VP->VBD,NP,PP,S,	0.9999996891905216	
dep. tree	ProductionRule_S->ADVP,,,NP,VP,	0.9999996917297458	
dep. tree	ProductionRule_PP->VBN,NP,	0.999999698980399	
dep. tree	ProductionRule_NP->NP,VP,SBAR,	0.999999698980399	
dep. tree	ProductionRule_INTJ->JJ,.,	0.9999997008207778	
dep. tree	ProductionRule_S->S,,,CC,SINV,.,	0.9999997066646856	
dep. tree	ProductionRule_S->NP,VP,VP,	0.999999706829554	
dep. tree	ProductionRule_NP->PDT,NP,	0.999999716273504	
dep. tree	ProductionRule_NP->NN,NNP,	0.9999997236910023	
dep. tree	ProductionRule_CONJP->RB,RB,	0.9999997236910023	
dep. tree	ProductionRule_NP->NP,,,VP,,,	0.9999997236910023	
dep. tree	ProductionRule_NP->DT,NN,CC,NN,	0.9999997325071075	
dep. tree	ProductionRule_VP->VBZ,ADJP,,,S,	0.9999997325071075	
dep. tree	ProductionRule_VP->VBG,PP,PP,	0.9999997348754684	
dep. tree	ProductionRule_QP->CC,CD,	0.9999997376658609	
dep. tree	ProductionRule_S->ADVP,,,SBAR,,,NP,VP,.,	0.9999997376658609	
dep. tree	ProductionRule_ADJP->NN,SBAR,	0.9999997376658609	
dep. tree	ProductionRule_NP->DT,``,NNP,NNP,'',NN,	0.9999997445301251	
dep. tree	ProductionRule_S->RB,ADVP,NP,VP,.,	0.9999997518828249	
dep. tree	ProductionRule_S->S,,,RB,SBARQ,	0.9999997531017165	
dep. tree	ProductionRule_NP->DT,$,NN,	0.9999997531017165	
dep. tree	ProductionRule_NP->NP,PRN,,,NP,PRN,SBAR,	0.9999997628622136	
dep. tree	ProductionRule_NP->DT,NNP,NNP,NNS,	0.9999997628622136	
dep. tree	ProductionRule_S->NP,VP,,,	0.9999997628622136	
dep. tree	ProductionRule_S->SBAR,,,X,NP,VP,	0.9999997631806505	
dep. tree	ProductionRule_NP->JJ,FW,FW,	0.9999997687506222	
dep. tree	ProductionRule_VP->VBZ,ADJP,PP,S,	0.9999997810180329	
dep. tree	ProductionRule_QP->JJR,IN,DT,CD,	0.9999997828806098	
dep. tree	ProductionRule_VP->VBZ,ADVP,,,S,,,S,	0.9999997965194024	
dep. tree	ProductionRule_FRAG->ADVP,PP,	0.9999997997799275	
dep. tree	ProductionRule_VP->VP,,,RB,VP,	0.9999998122564713	
dep. tree	ProductionRule_VP->VBG,NP,PP,SBAR,	0.9999998302350664	
dep. tree	ProductionRule_NP->DT,NN,NN,NN,NN,	0.9999998302350664	
dep. tree	ProductionRule_VP->VBN,PP,,,SBAR,	0.9999998331220682	
dep. tree	ProductionRule_NP->DT,JJS,NNS,	0.9999998420158396	
dep. tree	ProductionRule_VP->RB,VBG,S,	0.9999998431288055	
dep. tree	ProductionRule_NP->DT,JJ,NNP,,,NNP,	0.9999998431288055	
dep. tree	ProductionRule_NP->DT,NN,,,CC,NN,	0.9999998431288055	
dep. tree	ProductionRule_NP->NP,NN,PP,	0.9999998464201282	
dep. tree	ProductionRule_QP->IN,TO,CD,CD,	0.9999998480776537	
dep. tree	ProductionRule_S->SBAR,,,VP,.,	0.9999998519244854	
dep. tree	ProductionRule_NP->INTJ,NP,	0.9999998631585862	
dep. tree	ProductionRule_VP->ADVP,VBN,NP,	0.9999998717591861	
dep. tree	ProductionRule_VP->VBN,CC,VBN,PP,	0.9999998717591861	
dep. tree	ProductionRule_VP->VBG,ADVP,SBAR,	0.9999998827607862	
dep. tree	ProductionRule_NP->DT,DT,NN,	0.9999998827607862	
dep. tree	ProductionRule_VP->ADVP,VBP,NP,	0.9999998907449588	
dep. tree	ProductionRule_VP->VBZ,ADJP,ADVP,	0.9999998945033183	
dep. tree	ProductionRule_NP->PRP$,JJ,NN,SBAR,	0.9999998952290792	
dep. tree	ProductionRule_FRAG->ADJP,,,SBAR,.,	0.9999999085421983	
dep. tree	ProductionRule_VP->VB,ADJP,S,	0.9999999088589827	
dep. tree	ProductionRule_VP->VBD,S,PP,	0.9999999153654044	
dep. tree	ProductionRule_NP->NP,NNS,SBAR,	0.9999999153654044	
dep. tree	ProductionRule_NP->ADJP,NNP,	0.9999999154907695	
dep. tree	ProductionRule_VP->VBN,PP,ADVP,PP,	0.9999999154907695	
dep. tree	ProductionRule_VP->VBP,NP,VP,	0.9999999220005815	
dep. tree	ProductionRule_NP->PRP$,JJS,	0.9999999220005815	
dep. tree	ProductionRule_S->NP,,,NP,PRN,VP,.,	0.9999999227761184	
dep. tree	ProductionRule_ADVP->RBR,RB,	0.999999923028523	
dep. tree	ProductionRule_VP->VBN,S,SBAR,	0.9999999280784858	
dep. tree	ProductionRule_VP->NN,NP,ADVP,	0.9999999441826197	
dep. tree	ProductionRule_ADVP->RB,RB,SBAR,	0.9999999441826197	
dep. tree	ProductionRule_NP->RB,DT,JJ,NNS,	0.9999999458069675	
dep. tree	ProductionRule_NP->NP,CC,NP,CC,NP,	0.9999999488115997	
dep. tree	ProductionRule_PP->TO,PP,	0.9999999488115997	
dep. tree	ProductionRule_VP->LS,ADVP,S,	0.999999952274839	
dep. tree	ProductionRule_NP->PRP$,NX,	0.999999969799459	
dep. tree	ProductionRule_VP->VBZ,PP,,,S,	0.999999969799459	
dep. tree	ProductionRule_PP->IN,WHNP,	0.999999969799459	
dep. tree	ProductionRule_SBAR->PRN,S,	0.9999999758801323	
dep. tree	ProductionRule_S->ADVP,ADVP,NP,VP,.,	0.9999999830596304	
dep. tree	ProductionRule_NP->PRP$,VBN,NN,	0.9999999887694871	
dep. tree	ProductionRule_VP->VBZ,RB,ADVP,	0.9999999894968553	
dep. tree	ProductionRule_ADJP->JJ,PP,S,	0.9999999894968553	
dep. tree	ProductionRule_ADJP->JJR,SBAR,	0.9999999959696968	
dep. tree	ProductionRule_VP->VBG,NP,PRT,PP,	1.00000000071631	
dep. tree	ProductionRule_NP->NP,CC,NP,,,	1.00000000071631	
dep. tree	ProductionRule_VP->VBG,``,NP,'',PP,	1.00000000071631	
dep. tree	ProductionRule_VP->ADVP,VBN,ADVP,	1.00000000071631	
dep. tree	ProductionRule_VP->VBD,PP,ADVP,	1.0000000065829444	
dep. tree	ProductionRule_ADJP->JJ,JJS,	1.000000008890228	
dep. tree	ProductionRule_SINV->FRAG,,,VP,S,.,	1.0000000102204236	
dep. tree	ProductionRule_VP->VBP,ADVP,ADJP,	1.0000000130324902	
dep. tree	ProductionRule_ADJP->NN,S,	1.0000000178324056	
dep. tree	ProductionRule_SQ->VP,NP,PRN,SBAR,	1.0000000178324056	
dep. tree	ProductionRule_NP->DT,ADJP,NN,NN,NN,ADJP,NN,	1.0000000178324056	
dep. tree	ProductionRule_PP->JJ,IN,SQ,	1.0000000178324056	
dep. tree	ProductionRule_X->NP,NP,NP,	1.0000000204669088	
dep. tree	ProductionRule_S->S,SBARQ,	1.0000000205857937	
dep. tree	ProductionRule_VP->VBP,S,:,S,	1.0000000205857937	
dep. tree	ProductionRule_WHADVP->WRB,ADJP,	1.0000000365054231	
dep. tree	ProductionRule_NP->DT,JJ,JJ,NN,NN,	1.0000000633398949	
dep. tree	ProductionRule_FRAG->NP,NP,PP,S,.,	1.0000000633398949	
dep. tree	ProductionRule_X->ADVP,NP,	1.0000000815315913	
dep. tree	ProductionRule_NP->DT,X,	1.0000000815315913	
dep. tree	ProductionRule_NP->ADJP,NNPS,	1.000000082795462	
dep. tree	ProductionRule_NP->NN,CD,NNP,	1.000000082795462	
dep. tree	ProductionRule_VP->VB,IN,S,	1.000000085321336	
dep. tree	ProductionRule_NP->JJ,JJ,NN,NNS,	1.000000090963877	
dep. tree	ProductionRule_PP->PP,,,CC,RB,PP,	1.0000001035532902	
dep. tree	ProductionRule_VP->``,VBN,'',PP,	1.0000001035532902	
dep. tree	ProductionRule_S->``,NP,'',VP,	1.0000001035532902	
dep. tree	ProductionRule_VP->VBZ,PP,:,S,	1.0000001035532902	
dep. tree	ProductionRule_PP->RB,IN,SBAR,	1.0000001191916437	
dep. tree	ProductionRule_NP->DT,NNP,NNS,NN,	1.00000012600721	
dep. tree	ProductionRule_SINV->PP,VP,NP,.,	1.000000132290461	
dep. tree	ProductionRule_FRAG->PP,.,	1.0000001416651763	
dep. tree	ProductionRule_VP->VBZ,ADJP,,,ADVP,	1.0000001495425008	
dep. tree	ProductionRule_NP->NP,RRC,	1.000000152020635	
dep. tree	ProductionRule_VP->VB,PP,S,	1.0000001626710966	
dep. tree	ProductionRule_S->RB,VP,.,	1.0000001626710966	
dep. tree	ProductionRule_S->SBAR,,,ADVP,VP,	1.0000001640529508	
dep. tree	ProductionRule_NP->NP,-LRB-,NP,-RRB-,	1.0000001706722126	
dep. tree	ProductionRule_VP->VBN,PRT,PP,ADVP,	1.0000001706722126	
dep. tree	ProductionRule_NP->VBZ,NP,	1.0000001712821773	
dep. tree	ProductionRule_NP->``,NN,'',	1.0000001824970626	
dep. tree	ProductionRule_S->SBAR,,,ADVP,VP,.,	1.0000001825764804	
dep. tree	ProductionRule_S->ADVP,PP,NP,VP,.,	1.000000183702074	
dep. tree	ProductionRule_VP->VP,,,CC,ADVP,VP,	1.000000183702074	
dep. tree	ProductionRule_VP->VP,CC,VP,NP,	1.0000001886596228	
dep. tree	ProductionRule_VP->RB,VP,IN,VP,	1.0000001886596228	
dep. tree	ProductionRule_VP->VBZ,ADVP,ADVP,NP,	1.0000001895631223	
dep. tree	ProductionRule_NP->NP,PRN,PP,	1.0000002305670836	
dep. tree	ProductionRule_PRN->:,NP,:,	1.0000002305670836	
dep. tree	ProductionRule_S->ADVP,NP,ADVP,VP,	1.0000002428817178	
dep. tree	ProductionRule_S->SBAR,ADVP,NP,VP,	1.0000002748900587	
dep. tree	ProductionRule_NP->SBAR,CC,NP,	1.000000281713688	
dep. tree	ProductionRule_S->NP,:,NP,.,	1.000000281713688	
dep. tree	ProductionRule_ADJP->JJ,JJ,	1.000000290604067	
dep. tree	ProductionRule_VP->VBD,ADVP,PRN,	1.000000294064504	
dep. tree	ProductionRule_PRN->CC,SBAR,	1.000000294064504	
dep. tree	ProductionRule_S->RB,NP,VP,.,	1.0000003033479887	
dep. tree	ProductionRule_NP->DT,``,S,'',NN,	1.000000310588738	
dep. tree	ProductionRule_VP->VBZ,PRT,PP,	1.000000310588738	
dep. tree	ProductionRule_NP->NP,VP,.,	1.0000003238573698	
dep. tree	ProductionRule_NP->NP,:,NP,.,	1.000000324444857	
dep. tree	ProductionRule_ADJP->VBN,SBAR,	1.0000003292709445	
dep. tree	ProductionRule_S->NP,VP,CC,S,	1.0000003409540594	
dep. tree	ProductionRule_NP->DT,JJ,CC,JJ,	1.0000003409540594	
dep. tree	ProductionRule_UCP->NP,CC,SBAR,	1.0000003556476482	
dep. tree	ProductionRule_VP->VBD,UCP,	1.0000003556476482	
dep. tree	ProductionRule_ADVP->DT,RP,	1.0000003649762772	
dep. tree	ProductionRule_ADJP->IN,PP,	1.0000003649762772	
dep. tree	ProductionRule_PP->NP,IN,NP,	1.0000003686435592	
dep. tree	ProductionRule_VP->VBZ,NP,ADJP,	1.0000003782649816	
dep. tree	ProductionRule_VP->VB,PRT,S,	1.0000003797842758	
dep. tree	ProductionRule_SQ->VBP,NP,ADJP,.,	1.0000003798882244	
dep. tree	ProductionRule_VP->VBD,CC,VBD,NP,,,S,	1.000000395224848	
dep. tree	ProductionRule_S->S,NP,VP,.,	1.0000004077264462	
dep. tree	ProductionRule_ADJP->JJ,,,JJ,,,JJ,CC,JJ,	1.0000004136233167	
dep. tree	ProductionRule_ADVP->RB,IN,	1.0000004144764605	
dep. tree	ProductionRule_VP->``,VB,'',NP,	1.0000004144764605	
dep. tree	ProductionRule_S->S,S,.,	1.0000004323219218	
dep. tree	ProductionRule_S->ADVP,PRN,ADVP,NP,VP,.,	1.0000004568507106	
dep. tree	ProductionRule_VP->VP,,,S,	1.0000004568507106	
dep. tree	ProductionRule_PRN->,,SBAR,,,	1.0000004568507106	
dep. tree	ProductionRule_SBAR->IN,SBAR,	1.0000004568507106	
dep. tree	ProductionRule_SBAR->IN,,,S,	1.0000004767257438	
dep. tree	ProductionRule_NP->NN,SBAR,	1.0000005010314856	
dep. tree	ProductionRule_NP->DT,JJ,JJR,NN,	1.000000518286811	
dep. tree	ProductionRule_QP->RB,CD,CD,	1.000000518286811	
dep. tree	ProductionRule_SQ->MD,NP,VP,.,	1.000000518286811	
dep. tree	ProductionRule_QP->JJR,IN,CD,CD,	1.000000518286811	
dep. tree	ProductionRule_NP->NP,PP,ADVP,NP,	1.0000005241221368	
dep. tree	ProductionRule_NP->NP,,,ADJP,	1.000000529323292	
dep. tree	ProductionRule_SBAR->IN,S,,,	1.0000005461998074	
dep. tree	ProductionRule_NP->PRP$,NN,CC,NN,	1.0000005461998074	
dep. tree	ProductionRule_S->NP,,,NP,VP,	1.0000005496124076	
dep. tree	ProductionRule_NP->PRP$,JJ,NX,	1.000000555846564	
dep. tree	ProductionRule_NP->NN,,,NN,CC,NN,	1.000000555846564	
dep. tree	ProductionRule_NP->PRP,NNPS,	1.0000005679036983	
dep. tree	ProductionRule_NP->NNS,NN,	1.0000005726445205	
dep. tree	ProductionRule_VP->VBZ,PP,PP,	1.0000005800789773	
dep. tree	ProductionRule_VP->ADVP,VBG,SBAR,	1.0000005800789773	
dep. tree	ProductionRule_VP->NP,SBAR,	1.0000006290297014	
dep. tree	ProductionRule_VP->ADJP,PP,	1.0000006417877907	
dep. tree	ProductionRule_X->IN,NP,	1.0000006455567039	
dep. tree	ProductionRule_NP->NP,,,NP,,,NP,,,NP,,,NP,,,NP,,,NP,,,NP,,,NP,,,NP,,,NP,,,NP,,,NP,,,NP,,,NP,,,CC,NP,	1.0000006455567039	
dep. tree	ProductionRule_NP->NP,:,NP,X,	1.0000006455567039	
dep. tree	ProductionRule_NP->DT,ADVP,NN,	1.0000006474056666	
dep. tree	ProductionRule_NP->JJ,JJ,JJ,NNS,	1.000000651622272	
dep. tree	ProductionRule_S->NP,VP,:,SBAR,	1.000000664161355	
dep. tree	ProductionRule_VP->VBG,PP,NP,	1.0000006663783532	
dep. tree	ProductionRule_S->S,,,CC,IN,S,.,	1.0000006663783532	
dep. tree	ProductionRule_ADJP->RB,NN,	1.0000006689870384	
dep. tree	ProductionRule_S->S,,,RB,S,	1.0000006689870384	
dep. tree	ProductionRule_S->TO,VP,	1.000000675932102	
dep. tree	ProductionRule_NP->NNS,S,	1.000000675932102	
dep. tree	ProductionRule_VP->VBP,PP,NP,	1.0000006854421086	
dep. tree	ProductionRule_NP->ADJP,NN,NNS,	1.0000006977108984	
dep. tree	ProductionRule_ADVP->DT,NN,	1.0000007068497176	
dep. tree	ProductionRule_VP->VB,ADVP,PP,ADVP,	1.000000722250256	
dep. tree	ProductionRule_VP->VBG,S,SBAR,	1.0000007223562568	
dep. tree	ProductionRule_FRAG->ADVP,:,SBAR,.,	1.0000007333683816	
dep. tree	ProductionRule_NP->DT,VBG,	1.0000007509325564	
dep. tree	ProductionRule_S->RB,ADVP,NP,VP,:,	1.0000007572038212	
dep. tree	ProductionRule_PP->PP,PP,	1.0000007572038212	
dep. tree	ProductionRule_ADVP->PP,IN,	1.0000007572038212	
dep. tree	ProductionRule_NX->NP,PP,	1.0000007605650507	
dep. tree	ProductionRule_FRAG->S,:,FRAG,.,	1.0000007630829095	
dep. tree	ProductionRule_ADJP->JJ,CC,RB,JJ,	1.000000764930334	
dep. tree	ProductionRule_S->S,,,NP,VP,	1.000000786106528	
dep. tree	ProductionRule_VP->ADVP,VBZ,NP,ADVP,	1.0000007923684011	
dep. tree	ProductionRule_NP->NNS,,,NNS,CC,NNS,	1.0000007923684011	
dep. tree	ProductionRule_NP->NP,PP,NN,	1.0000007940755558	
dep. tree	ProductionRule_VP->S,,,VP,	1.0000007947061957	
dep. tree	ProductionRule_S->PP,S,CC,S,	1.0000007947061957	
dep. tree	ProductionRule_S->S,RB,,,S,CC,S,.,	1.0000007947061957	
dep. tree	ProductionRule_SBAR->RB,RB,S,	1.0000007947061957	
dep. tree	ProductionRule_S->ADVP,,,PP,NP,VP,.,	1.0000007967696807	
dep. tree	ProductionRule_NP->PRP$,NN,,,NN,CC,JJ,NN,	1.0000008055662375	
dep. tree	ProductionRule_VP->VP,,,ADVP,VP,	1.0000008055662375	
dep. tree	ProductionRule_PP->IN,PRN,NP,	1.0000008107676777	
dep. tree	ProductionRule_PRN->,,CC,NP,	1.0000008107676777	
dep. tree	ProductionRule_NP->PRP$,NN,CC,NNS,	1.0000008107676777	
dep. tree	ProductionRule_VP->,,S,	1.0000008184924893	
dep. tree	ProductionRule_S->ADVP,NP,	1.0000008349743577	
dep. tree	ProductionRule_VP->MD,ADVP,S,SBAR,	1.0000008518640544	
dep. tree	ProductionRule_S->PP,,,S,:,S,	1.0000008613886757	
dep. tree	ProductionRule_S->SBAR,:,``,ADVP,NP,VP,.,'',	1.0000008613886757	
dep. tree	ProductionRule_NP->DT,VP,NN,	1.0000008626759245	
dep. tree	ProductionRule_SBAR->IN,NP,	1.0000008730405503	
dep. tree	ProductionRule_VP->VP,,,CONJP,VP,	1.0000008867028394	
dep. tree	ProductionRule_NP->DT,VBN,NN,	1.0000008872782493	
dep. tree	ProductionRule_S->ADVP,,,RB,NP,VP,.,	1.0000009005868586	
dep. tree	ProductionRule_VP->VBZ,NP,,,SBAR,	1.0000009038909377	
dep. tree	ProductionRule_ADVP->NN,IN,	1.0000009316825167	
dep. tree	ProductionRule_VP->ADVP,VBD,NP,	1.000000935681944	
dep. tree	ProductionRule_VP->LS,ADVP,VP,	1.0000009429014354	
dep. tree	ProductionRule_FRAG->ADJP,SBAR,.,	1.0000009429014354	
dep. tree	ProductionRule_VP->VB,NP,ADJP,	1.0000009516211963	
dep. tree	ProductionRule_VP->VP,,,VP,	1.000000953589964	
dep. tree	ProductionRule_VP->ADVP,VB,PP,	1.0000009587500285	
dep. tree	ProductionRule_RRC->ADVP,ADJP,	1.000000963268717	
dep. tree	ProductionRule_NP->DT,JJ,NN,S,	1.000000991893469	
dep. tree	ProductionRule_ADVP->RBS,RB,	1.0000010236051518	
dep. tree	ProductionRule_VP->VBG,PRT,PP,	1.0000010316294985	
dep. tree	ProductionRule_NP->NP,,,NP,,,NP,,,NP,,,NP,	1.0000010591896238	
dep. tree	ProductionRule_VP->VBZ,RB,NP,ADVP,,,PP,	1.0000010591896238	
dep. tree	ProductionRule_UCP->NP,CC,VP,	1.0000010591896238	
dep. tree	ProductionRule_NP->DT,NN,NN,CC,NN,	1.0000010632562137	
dep. tree	ProductionRule_PP->TO,S,	1.0000010862615225	
dep. tree	ProductionRule_ADVP->RB,SBAR,	1.0000011012276793	
dep. tree	ProductionRule_S->``,ADVP,NP,VP,.,'',	1.0000011012276793	
dep. tree	ProductionRule_PP->CC,S,	1.0000011104368522	
dep. tree	ProductionRule_VP->VBZ,ADVP,ADVP,	1.0000011104368522	
dep. tree	ProductionRule_VP->VBZ,ADVP,RB,ADJP,ADVP,	1.0000011367722332	
dep. tree	ProductionRule_VP->VBP,ADJP,NP,	1.000001144313491	
dep. tree	ProductionRule_NP->PRP$,NNS,CC,NNS,	1.0000011488839786	
dep. tree	ProductionRule_ADVP->JJ,PP,	1.0000011551477355	
dep. tree	ProductionRule_S->S,.,	1.0000011551477355	
dep. tree	ProductionRule_VP->VBP,ADVP,NP,PP,PP,	1.000001155603335	
dep. tree	ProductionRule_S->RB,VP,	1.00000115590322	
dep. tree	ProductionRule_NP->NP,JJ,NN,	1.0000011618581715	
dep. tree	ProductionRule_NP->DT,JJS,NN,NN,	1.0000011969928273	
dep. tree	ProductionRule_VP->VBD,NP,,,SBAR,	1.000001220215227	
dep. tree	ProductionRule_NP->JJR,NN,NN,NNS,	1.0000012251799373	
dep. tree	ProductionRule_VP->VBD,ADVP,VP,	1.0000012251799373	
dep. tree	ProductionRule_NP->JJ,S,	1.0000012417732227	
dep. tree	ProductionRule_PP->VBZ,NP,	1.0000012417732227	
dep. tree	ProductionRule_ADVP->RB,ADVP,	1.0000012458136789	
dep. tree	ProductionRule_S->S,,,RB,S,.,	1.000001248936	
dep. tree	ProductionRule_NP->NP,SBAR,,,	1.0000012712727888	
dep. tree	ProductionRule_VP->ADVP,VB,	1.000001274881412	
dep. tree	ProductionRule_FRAG->,,NP,	1.000001275438334	
dep. tree	ProductionRule_NP->NP,,,FRAG,	1.000001275438334	
dep. tree	ProductionRule_SBAR->RB,IN,S,.,	1.0000012772976967	
dep. tree	ProductionRule_NP->VBN,NN,NN,	1.0000012772976967	
dep. tree	ProductionRule_FRAG->``,ADJP,.,'',	1.0000013061278872	
dep. tree	ProductionRule_ADJP->NP,CC,ADJP,	1.0000013061278872	
dep. tree	ProductionRule_VP->VBD,PRT,PP,	1.000001306396721	
dep. tree	ProductionRule_NP->DT,ADJP,	1.0000013157038878	
dep. tree	ProductionRule_X->DT,RBR,	1.00000132865498	
dep. tree	ProductionRule_X->DT,JJR,	1.00000132865498	
dep. tree	ProductionRule_S->X,NP,VP,	1.0000013330294382	
dep. tree	ProductionRule_S->S,CC,S,,,CC,S,	1.0000013330294382	
dep. tree	ProductionRule_VP->MD,ADVP,	1.0000013773082723	
dep. tree	ProductionRule_VP->VBZ,RB,NP,,,SBAR,	1.0000013773082723	
dep. tree	ProductionRule_S->S,S,S,,,S,	1.0000013773082723	
dep. tree	ProductionRule_NP->NP,NP,,,PP,	1.000001391445665	
dep. tree	ProductionRule_PP->IN,NP,.,	1.0000014252437157	
dep. tree	ProductionRule_NP->RB,RB,	1.0000014761986369	
dep. tree	ProductionRule_S->NP,VP,SBAR,.,	1.0000014767124201	
dep. tree	ProductionRule_VP->VBP,RB,ADVP,ADJP,	1.0000014767124201	
dep. tree	ProductionRule_ADJP->NP,JJ,SBAR,	1.0000014767124201	
dep. tree	ProductionRule_SINV->VBZ,NP,VP,	1.0000014801638524	
dep. tree	ProductionRule_S->SINV,:,S,.,	1.0000014801638524	
dep. tree	ProductionRule_NP->NP,X,	1.000001485747755	
dep. tree	ProductionRule_VP->VB,ADVP,ADJP,	1.0000015166243363	
dep. tree	ProductionRule_ADJP->CC,ADJP,CC,ADJP,	1.0000015166243363	
dep. tree	ProductionRule_NP->JJR,NN,S,	1.0000015303566514	
dep. tree	ProductionRule_VP->VP,,,VP,CC,VP,	1.0000015303566514	
dep. tree	ProductionRule_VP->VBD,PP,ADVP,,,SBAR,,,S,	1.0000015303566514	
dep. tree	ProductionRule_ADJP->``,JJ,'',	1.0000015307105696	
dep. tree	ProductionRule_ADJP->ADJP,PP,.,	1.0000015545970515	
dep. tree	ProductionRule_NP->DT,NN,RB,	1.000001573555365	
dep. tree	ProductionRule_ADVP->ADVP,IN,	1.000001576318355	
dep. tree	ProductionRule_S->NP,:,ADVP,VP,.,	1.0000015923907128	
dep. tree	ProductionRule_NP->PRP$,CD,NN,	1.0000015923907128	
dep. tree	ProductionRule_X->DT,ADJP,	1.0000015923907128	
dep. tree	ProductionRule_SBAR->IN,X,	1.0000015923907128	
dep. tree	ProductionRule_VP->VBP,ADVP,NP,PP,	1.000001634287826	
dep. tree	ProductionRule_NP->NP,PP,S,	1.0000016904747022	
dep. tree	ProductionRule_VP->VB,CC,VB,	1.0000017150725218	
dep. tree	ProductionRule_SBAR->RB,RB,IN,S,	1.0000017776450283	
dep. tree	ProductionRule_VP->VBZ,RB,ADJP,,,SBAR,	1.0000017776450283	
dep. tree	ProductionRule_NP->NP,NN,NN,NN,	1.0000018223977176	
dep. tree	ProductionRule_VP->VBP,NP,ADVP,SBAR,	1.000001832608164	
dep. tree	ProductionRule_S->SBARQ,NP,VP,.,	1.00000184043742	
dep. tree	ProductionRule_VP->VB,ADJP,SBAR,	1.0000018504697428	
dep. tree	ProductionRule_NP->PRP$,JJ,NN,NNS,	1.0000018609023944	
dep. tree	ProductionRule_VP->VB,ADVP,,,NP,	1.0000018609023944	
dep. tree	ProductionRule_SQ->VBZ,NP,NP,.,	1.0000018705347513	
dep. tree	ProductionRule_VP->VBZ,NP,VP,	1.0000018705347513	
dep. tree	ProductionRule_SBAR->X,S,	1.000001881398122	
dep. tree	ProductionRule_VP->MD,S,	1.00000191878477	
dep. tree	ProductionRule_VP->ADVP,VBN,SBAR,	1.0000019192143135	
dep. tree	ProductionRule_ADVP->ADVP,SBAR,	1.0000019250637724	
dep. tree	ProductionRule_VP->VBZ,ADVP,RB,ADJP,SBAR,	1.0000019409062724	
dep. tree	ProductionRule_S->``,NP,VP,	1.0000019609618886	
dep. tree	ProductionRule_VP->VB,ADVP,ADVP,,,SBAR,	1.0000020165481571	
dep. tree	ProductionRule_S->S,ADVP,VP,	1.0000020165481571	
dep. tree	ProductionRule_NP->NN,S,	1.0000020394933713	
dep. tree	ProductionRule_FRAG->ADVP,,,PP,.,	1.000002041352387	
dep. tree	ProductionRule_PP->DT,IN,NP,	1.0000020477930287	
dep. tree	ProductionRule_S->S,,,S,	1.0000020618170116	
dep. tree	ProductionRule_VP->VBP,NP,,,SBAR,	1.0000020746141973	
dep. tree	ProductionRule_X->X,NP,	1.0000021382191553	
dep. tree	ProductionRule_VP->NP,NP,PP,	1.000002188981238	
dep. tree	ProductionRule_S->PP,,,NP,ADVP,VP,.,	1.000002201671159	
dep. tree	ProductionRule_NP->DT,NNP,NNP,NN,	1.000002201671159	
dep. tree	ProductionRule_NP->PDT,DT,JJ,NNS,	1.0000023462204723	
dep. tree	ProductionRule_VP->VB,S,S,	1.000002359433203	
dep. tree	ProductionRule_SINV->ADVP,VP,NP,	1.000002359433203	
dep. tree	ProductionRule_VP->VB,ADVP,SBAR,	1.000002380195359	
dep. tree	ProductionRule_VP->VB,NP,PRT,	1.000002449930328	
dep. tree	ProductionRule_VP->VBN,ADVP,SBAR,	1.0000025491377065	
dep. tree	ProductionRule_NP->QP,NNS,	1.0000025768041303	
dep. tree	ProductionRule_S->NP,,,ADVP,,,VP,.,	1.000002617784009	
dep. tree	ProductionRule_SBAR->UCP,S,	1.0000026534377124	
dep. tree	ProductionRule_VP->VBZ,ADVP,	1.000002723352825	
dep. tree	ProductionRule_VP->VB,``,ADJP,'',ADVP,S,	1.0000028369163845	
dep. tree	ProductionRule_NP->DT,``,JJ,NN,'',	1.0000028369163845	
dep. tree	ProductionRule_VP->MD,ADVP,RB,VP,	1.0000028789637236	
dep. tree	ProductionRule_NP->NNPS,CC,NNPS,	1.0000028823876286	
dep. tree	ProductionRule_PP->TO,ADJP,	1.0000029235596892	
dep. tree	ProductionRule_VP->VB,PRT,NP,	1.000002996785912	
dep. tree	ProductionRule_FRAG->WHADVP,NP,.,	1.0000030084614897	
dep. tree	ProductionRule_WHADVP->WRB,RB,	1.0000030084614897	
dep. tree	ProductionRule_VP->VBD,ADVP,	1.0000030203930494	
dep. tree	ProductionRule_NP->ADJP,NN,	1.000003139031419	
dep. tree	ProductionRule_SBAR->``,S,	1.000003284944881	
dep. tree	ProductionRule_NP->DT,NN,POS,	1.000003329392169	
dep. tree	ProductionRule_SQ->VBZ,NP,ADJP,.,	1.0000034830889803	
dep. tree	ProductionRule_VP->VBN,PP,PP,SBAR,	1.0000034872633643	
dep. tree	ProductionRule_SBAR->SBAR,:,PRN,	1.0000034872633643	
dep. tree	ProductionRule_SBAR->RB,S,	1.0000035343160105	
dep. tree	ProductionRule_NP->DT,ADJP,NN,S,	1.0000035980323192	
dep. tree	ProductionRule_VP->VBP,PP,PP,	1.0000036428079424	
dep. tree	ProductionRule_VP->VBG,SBAR,	1.0000037542656113	
dep. tree	ProductionRule_NP->NN,,,JJ,NNS,	1.0000038416438721	
dep. tree	ProductionRule_VP->VBG,CC,VBG,NP,PP,	1.0000038416438721	
dep. tree	ProductionRule_NP->PRP$,JJ,NNS,	1.0000039116819575	
dep. tree	ProductionRule_VP->VBZ,ADJP,S,SBAR,	1.0000041195055123	
dep. tree	ProductionRule_VP->VBP,PRT,	1.0000043016783555	
dep. tree	ProductionRule_NP->DT,``,NN,'',	1.0000045049823432	
dep. tree	ProductionRule_VP->VBP,NP,ADVP,	1.0000045593782547	
dep. tree	ProductionRule_S->NP,PP,	1.0000045615421735	
dep. tree	ProductionRule_NP->NN,DT,NN,	1.0000045833413505	
dep. tree	ProductionRule_FRAG->ADJP,,,NP,.,	1.0000045833413505	
dep. tree	ProductionRule_NP->NP,,,NP,,,NP,,,NP,	1.0000046338081354	
dep. tree	ProductionRule_S->NP,NP,VP,.,	1.0000046694678046	
dep. tree	ProductionRule_NP->JJ,,,ADJP,NNS,	1.0000048661899124	
dep. tree	ProductionRule_NP->NP,PP,.,	1.0000048661899124	
dep. tree	ProductionRule_ADJP->JJ,,,JJ,,,JJ,,,CC,JJ,JJ,	1.0000048661899124	
dep. tree	ProductionRule_NP->DT,NNP,NN,	1.0000048995794353	
dep. tree	ProductionRule_ADJP->RB,ADVP,JJ,	1.0000049717729786	
dep. tree	ProductionRule_S->SBAR,NP,VP,	1.0000050564511576	
dep. tree	ProductionRule_S->S,:,S,	1.0000050667134124	
dep. tree	ProductionRule_NP->NP,,,NP,CC,NP,	1.0000053207289348	
dep. tree	ProductionRule_ADJP->DT,CC,DT,	1.0000054797266065	
dep. tree	ProductionRule_NP->NP,PRN,	1.0000058062286552	
dep. tree	ProductionRule_VP->VBG,IN,	1.0000059864864135	
dep. tree	ProductionRule_VP->VB,,,S,	1.0000059864864135	
dep. tree	ProductionRule_ADJP->RB,RB,JJ,PP,	1.0000059864864135	
dep. tree	ProductionRule_NP->NNP,CD,	1.0000059883704084	
dep. tree	ProductionRule_NP->DT,FW,FW,	1.0000061251814776	
dep. tree	ProductionRule_ADJP->RB,DT,	1.000006176126506	
dep. tree	ProductionRule_NP->NNS,POS,	1.0000061901108892	
dep. tree	ProductionRule_ADVP->RB,RBR,	1.0000062504826874	
dep. tree	ProductionRule_ADVP->NP,RB,	1.000006402356325	
dep. tree	ProductionRule_NP->DT,NNP,CC,NNP,	1.0000065287810795	
dep. tree	ProductionRule_FRAG->CC,NP,	1.0000073155383007	
dep. tree	ProductionRule_PRN->S,,,	1.0000074967330763	
dep. tree	ProductionRule_NP->PRP$,ADJP,JJ,NN,	1.0000078876641867	
dep. tree	ProductionRule_NP->WP,NN,	1.0000078876641867	
dep. tree	ProductionRule_NP->NN,CC,NN,NN,	1.0000078876641867	
dep. tree	ProductionRule_NP->NP,:,NP,:,SBAR,	1.0000078876641867	
dep. tree	ProductionRule_SBAR->SBAR,:,CC,SBAR,	1.0000078876641867	
dep. tree	ProductionRule_VP->VP,:,SBAR,	1.0000078876641867	
dep. tree	ProductionRule_S->NP,:,VP,	1.0000078876641867	
dep. tree	ProductionRule_WHADVP->WDT,NN,	1.0000078876641867	
dep. tree	ProductionRule_VP->VB,ADVP,PP,	1.0000079992741264	
dep. tree	ProductionRule_VP->VBD,NP,PP,SBAR,	1.000008080350639	
dep. tree	ProductionRule_VP->VBG,PRT,NP,	1.0000088118491826	
dep. tree	ProductionRule_PRN->-LRB-,NP,-RRB-,	1.0000092812968047	
dep. tree	ProductionRule_VP->VBZ,NP,PP,	1.000010008474466	
dep. tree	ProductionRule_S->PP,NP,VP,	1.000010117626177	
dep. tree	ProductionRule_VP->VB,PRT,PP,	1.0000101479443337	
dep. tree	ProductionRule_NP->DT,JJS,	1.000010689492948	
dep. tree	ProductionRule_NP->NN,CC,NN,	1.0000118344675373	
dep. tree	ProductionRule_VP->VBD,ADJP,	1.0000126011138812	
dep. tree	ProductionRule_VP->VBZ,ADJP,S,	1.0000130975698545	
dep. tree	ProductionRule_NP->NP,,,NP,	1.0000136426155584	
dep. tree	ProductionRule_ADVP->IN,DT,	1.000013912613893	
dep. tree	ProductionRule_S->ADVP,VP,	1.0000155378909994	
dep. tree	ProductionRule_S->NP,ADJP,	1.0000163085373823	
dep. tree	ProductionRule_NP->DT,JJ,NN,NN,	1.0000167014963905	
dep. tree	ProductionRule_S->S,,,CC,S,.,	1.0000172029863483	
dep. tree	ProductionRule_VP->VBP,NP,SBAR,	1.0000195769829512	
dep. tree	ProductionRule_NP->NP,NN,	1.0000222036901225	
dep. tree	ProductionRule_NP->NP,NP,	1.0000279688661322	
dep. tree	ProductionRule_VP->VBD,S,	1.0000309565482144	
dep. tree	ProductionRule_NP->NP,VP,	1.000035168260426	
dep. tree	ProductionRule_PRN->-LRB-,S,-RRB-,	1.0000380775647078	
dep. tree	ProductionRule_VP->VBZ,S,	1.0000442798523421	
dep. tree	ProductionRule_NP->DT,NNP,	1.0000459219002709	
dep. tree	ProductionRule_VP->VBD,NP,PP,	1.0000461316771567	
dep. tree	ProductionRule_NP->NN,NN,	1.0000836328625737	
dep. tree	ProductionRule_VP->TO,VP,	1.0000909094830908	
dep. tree	ProductionRule_NP->DT,JJ,NN,	1.0001263346274936	
dep. tree	ProductionRule_SBAR->WHNP,S,	1.0002057183087152	
dep. tree	ProductionRule_VP->VBP,SBAR,	1.0002389492700887	
dep. tree	DependencyTreeDepth	1.000283428090083	
dep. tree	ProductionRule_VP->VB,NP,	1.0006095426201522	
dep. tree	ProductionRule_PP->IN,NP,	1.0011833824373206	
dep. tree	ProductionRule_NP->NP,PP,	1.0012291020201998	
dep. tree	ProductionRule_NP->DT,NN,	1.002082579731747	
